UI_Category,Antecedent,Consequent,Support,Confidence,Lift,Leverage,Conviction,Rule_Length
Mobile_UI,Mood=Excited,Mobile_sticky_header=Yes (Header stays at top while scrolling),0.05,1.0,1.5503875968992247,0.017750000000000002,inf,2
Mobile_UI,"Device=Smartphone, Mood=Happy","Mobile_image_text_ratio=Balanced (50% images, 50% text - equal emphasis)",0.065,1.0,1.2048192771084338,0.011050000000000004,inf,3
Mobile_UI,"Device=Laptop/Desktop, Persona=Researcher",Mobile_whitespace=Balanced,0.07,1.0,1.1764705882352942,0.010500000000000002,inf,3
Mobile_UI,"Mood=Relaxed, Persona=Researcher",Mobile_whitespace=Balanced,0.055,1.0,1.1764705882352942,0.00825,inf,3
Mobile_UI,"Device=Smartphone, Mood=Relaxed, Persona=Researcher",Mobile_whitespace=Balanced,0.05,1.0,1.1764705882352942,0.0075,inf,4
Mobile_UI,"Mood=Neutral, Persona=Researcher",Mobile_whitespace=Balanced,0.115,0.9583333333333334,1.1274509803921569,0.013000000000000012,3.6000000000000036,3
Mobile_UI,"Device=Smartphone, Mood=Neutral, Persona=Researcher",Mobile_whitespace=Balanced,0.09,0.9473684210526315,1.1145510835913313,0.009249999999999994,2.8499999999999974,4
Mobile_UI,"Device=Smartphone, Persona=Loyal Customer","Mobile_image_text_ratio=Balanced (50% images, 50% text - equal emphasis)",0.085,0.9444444444444445,1.137884872824632,0.010300000000000017,3.0600000000000054,3
Mobile_UI,Persona=Researcher,Mobile_whitespace=Balanced,0.245,0.9423076923076923,1.1085972850678734,0.023999999999999994,2.5999999999999996,2
Mobile_UI,Mood=Happy,"Mobile_image_text_ratio=Balanced (50% images, 50% text - equal emphasis)",0.08,0.9411764705882353,1.1339475549255846,0.00945,2.89,2
Desktop_UI,"Device=Laptop/Desktop, Mood=Neutral",Desktop_persistent_filters=Yes (Always visible sidebar with filters),0.07,0.9333333333333335,1.2444444444444447,0.013750000000000012,3.750000000000007,3
Mobile_UI,"Device=Laptop/Desktop, Mood=Neutral",Mobile_whitespace=Balanced,0.07,0.9333333333333335,1.0980392156862746,0.0062500000000000056,2.2500000000000044,3
Desktop_UI,"Device=Laptop/Desktop, Persona=Researcher","Desktop_info_density=Moderate (Balanced - some details visible, cl...",0.065,0.9285714285714285,1.2807881773399015,0.014249999999999999,3.849999999999996,3
Mobile_UI,"Device=Smartphone, Persona=Researcher",Mobile_whitespace=Balanced,0.175,0.9210526315789473,1.08359133126935,0.013499999999999984,1.8999999999999997,3
Mobile_UI,Persona=Deal Hunter,Mobile_whitespace=Balanced,0.11,0.9166666666666667,1.0784313725490198,0.008000000000000007,1.8000000000000018,2
Mobile_UI,"Device=Smartphone, Persona=Deal Hunter","Mobile_info_density=Moderate (Balanced - some details visible, cl...",0.1,0.9090909090909092,1.3271400132714002,0.024650000000000005,3.4650000000000025,3
Mobile_UI,"Device=Laptop/Desktop, Persona=Minimalist","Mobile_info_density=Moderate (Balanced - some details visible, cl...",0.05,0.9090909090909092,1.3271400132714002,0.012325000000000003,3.4650000000000025,3
Global_UI,"Device=Laptop/Desktop, Persona=Minimalist",Global_whitespace_pref=Balanced (Moderate spacing - comfortable midd...,0.05,0.9090909090909092,1.2368583797155228,0.009575,2.9150000000000027,3
Mobile_UI,"Mood=Relaxed, Persona=Researcher","Mobile_image_text_ratio=Balanced (50% images, 50% text - equal emphasis), Mobile_whitespace=Balanced",0.05,0.9090909090909092,1.2202562538133008,0.009025000000000005,2.8050000000000024,4
Desktop_UI,"Device=Laptop/Desktop, Persona=Minimalist",Desktop_persistent_filters=Yes (Always visible sidebar with filters),0.05,0.9090909090909092,1.2121212121212122,0.00875,2.7500000000000027,3
Mobile_UI,Persona=Loyal Customer,"Mobile_image_text_ratio=Balanced (50% images, 50% text - equal emphasis)",0.1,0.9090909090909092,1.095290251916758,0.008700000000000013,1.870000000000002,2
Mobile_UI,"Device=Laptop/Desktop, Persona=Minimalist","Mobile_image_text_ratio=Balanced (50% images, 50% text - equal emphasis)",0.05,0.9090909090909092,1.095290251916758,0.004350000000000007,1.870000000000002,3
Mobile_UI,"Mood=Relaxed, Persona=Researcher","Mobile_image_text_ratio=Balanced (50% images, 50% text - equal emphasis)",0.05,0.9090909090909092,1.095290251916758,0.004350000000000007,1.870000000000002,3
Mobile_UI,"Device=Smartphone, Persona=Deal Hunter",Mobile_whitespace=Balanced,0.1,0.9090909090909092,1.0695187165775402,0.006500000000000006,1.6500000000000017,3
Desktop_UI,Device=Laptop/Desktop,Desktop_persistent_filters=Yes (Always visible sidebar with filters),0.165,0.891891891891892,1.1891891891891893,0.026250000000000023,2.312500000000002,2
Mobile_UI,Device=Laptop/Desktop,Mobile_whitespace=Balanced,0.165,0.891891891891892,1.0492845786963436,0.007750000000000007,1.3875000000000015,2
Mobile_UI,"Mood=Neutral, Persona=Minimalist","Mobile_image_text_ratio=Balanced (50% images, 50% text - equal emphasis)",0.08,0.888888888888889,1.0709504685408302,0.005300000000000013,1.5300000000000011,3
Mobile_UI,"Device=Smartphone, Persona=Loyal Customer",Mobile_whitespace=Balanced,0.08,0.888888888888889,1.0457516339869282,0.003500000000000003,1.350000000000001,3
Mobile_UI,"Device=Smartphone, Mood=Relaxed",Mobile_whitespace=Balanced,0.15,0.8823529411764705,1.0380622837370241,0.005499999999999977,1.2749999999999988,3
Mobile_UI,Mood=Happy,Mobile_whitespace=Balanced,0.075,0.8823529411764705,1.0380622837370241,0.0027499999999999886,1.2749999999999988,2
Mobile_UI,"Device=Smartphone, Persona=Impulsive Buyer","Mobile_image_text_ratio=Balanced (50% images, 50% text - equal emphasis)",0.11,0.88,1.0602409638554218,0.0062500000000000056,1.416666666666667,3
Mobile_UI,Persona=Deal Hunter,Mobile_sticky_header=Yes (Header stays at top while scrolling),0.105,0.875,1.3565891472868217,0.0276,2.84,2
Mobile_UI,Persona=Deal Hunter,"Mobile_info_density=Moderate (Balanced - some details visible, cl...",0.105,0.875,1.2773722627737225,0.022799999999999987,2.5199999999999996,2
Mobile_UI,Persona=Deal Hunter,"Mobile_image_text_ratio=Balanced (50% images, 50% text - equal emphasis)",0.105,0.875,1.0542168674698795,0.005400000000000002,1.3600000000000003,2
Mobile_UI,Mood=Relaxed,Mobile_whitespace=Balanced,0.17,0.8717948717948718,1.0256410256410258,0.004250000000000004,1.1700000000000004,2
Mobile_UI,"Device=Laptop/Desktop, Mood=Neutral","Mobile_image_text_ratio=Balanced (50% images, 50% text - equal emphasis), Mobile_whitespace=Balanced",0.065,0.8666666666666667,1.1633109619686801,0.009125000000000001,1.9125000000000005,4
Mobile_UI,"Device=Laptop/Desktop, Mood=Neutral","Mobile_image_text_ratio=Balanced (50% images, 50% text - equal emphasis)",0.065,0.8666666666666667,1.0441767068273093,0.0027500000000000094,1.2750000000000006,3
Mobile_UI,"Device=Smartphone, Persona=Deal Hunter","Mobile_image_text_ratio=Balanced (50% images, 50% text - equal emphasis), Mobile_info_density=Moderate (Balanced - some details visible, cl...",0.095,0.8636363636363636,1.3929618768328447,0.026800000000000004,2.786666666666667,4
Mobile_UI,"Device=Smartphone, Persona=Deal Hunter","Mobile_info_density=Moderate (Balanced - some details visible, cl..., Mobile_whitespace=Balanced",0.095,0.8636363636363636,1.3929618768328447,0.026800000000000004,2.786666666666667,4
Mobile_UI,"Device=Smartphone, Persona=Deal Hunter",Mobile_price_display=Strike-through Original (Shows original price...,0.095,0.8636363636363636,1.3818181818181818,0.026249999999999996,2.75,3
Mobile_UI,"Device=Smartphone, Persona=Deal Hunter",Mobile_sticky_header=Yes (Header stays at top while scrolling),0.095,0.8636363636363636,1.3389711064129668,0.024050000000000002,2.6033333333333335,3
Global_UI,Persona=Loyal Customer,Global_whitespace_pref=Balanced (Moderate spacing - comfortable midd...,0.095,0.8636363636363636,1.1750154607297465,0.014149999999999996,1.9433333333333336,2
Mobile_UI,"Device=Smartphone, Persona=Deal Hunter","Mobile_image_text_ratio=Balanced (50% images, 50% text - equal emphasis)",0.095,0.8636363636363636,1.0405257393209202,0.003700000000000009,1.246666666666667,3
Mobile_UI,Mood=Neutral,Mobile_whitespace=Balanced,0.33,0.8571428571428572,1.008403361344538,0.00275000000000003,1.0500000000000007,2
Mobile_UI,"Device=Laptop/Desktop, Persona=Researcher","Mobile_image_text_ratio=Balanced (50% images, 50% text - equal emphasis), Mobile_whitespace=Balanced",0.06,0.857142857142857,1.1505273250239691,0.007849999999999996,1.7849999999999981,4
Desktop_UI,"Device=Laptop/Desktop, Persona=Researcher",Desktop_persistent_filters=Yes (Always visible sidebar with filters),0.06,0.857142857142857,1.1428571428571426,0.007499999999999993,1.749999999999998,3
Mobile_UI,Persona=Impulsive Buyer,"Mobile_image_text_ratio=Balanced (50% images, 50% text - equal emphasis)",0.12,0.857142857142857,1.0327022375215145,0.003799999999999984,1.189999999999999,2
Mobile_UI,"Device=Laptop/Desktop, Persona=Researcher","Mobile_image_text_ratio=Balanced (50% images, 50% text - equal emphasis)",0.06,0.857142857142857,1.0327022375215145,0.001899999999999992,1.189999999999999,3
Mobile_UI,Persona=Impulsive Buyer,Mobile_whitespace=Balanced,0.12,0.857142857142857,1.0084033613445376,0.000999999999999987,1.049999999999999,2
Mobile_UI,"Device=Smartphone, Persona=Browser","Mobile_image_text_ratio=Balanced (50% images, 50% text - equal emphasis)",0.115,0.8518518518518519,1.0263275323516288,0.002950000000000008,1.1475000000000004,3
Mobile_UI,"Device=Smartphone, Mood=Happy","Mobile_image_text_ratio=Balanced (50% images, 50% text - equal emphasis), Mobile_info_density=Moderate (Balanced - some details visible, cl...",0.055,0.8461538461538461,1.3647642679900744,0.014699999999999998,2.4699999999999998,4
Mobile_UI,"Device=Smartphone, Mood=Happy","Mobile_info_density=Moderate (Balanced - some details visible, cl...",0.055,0.8461538461538461,1.2352610892756877,0.010474999999999998,2.0474999999999994,3
Global_UI,"Device=Smartphone, Mood=Neutral, Persona=Minimalist",Global_whitespace_pref=Balanced (Moderate spacing - comfortable midd...,0.055,0.8461538461538461,1.1512297226582942,0.007225000000000002,1.7225,4
Mobile_UI,"Device=Smartphone, Mood=Happy","Mobile_image_text_ratio=Balanced (50% images, 50% text - equal emphasis), Mobile_whitespace=Balanced",0.055,0.8461538461538461,1.1357769747031492,0.0065749999999999975,1.6575,4
Mobile_UI,"Device=Smartphone, Mood=Neutral, Persona=Minimalist","Mobile_image_text_ratio=Balanced (50% images, 50% text - equal emphasis)",0.055,0.8461538461538461,1.019462465245598,0.0010500000000000023,1.1050000000000002,4
Mobile_UI,"Device=Smartphone, Mood=Happy",Mobile_whitespace=Balanced,0.055,0.8461538461538461,0.995475113122172,-0.0002500000000000002,0.9750000000000001,3
Mobile_UI,Device=Smartphone,Mobile_whitespace=Balanced,0.685,0.8404907975460124,0.9888127029953088,-0.007749999999999924,0.9403846153846164,2
Desktop_UI,"Device=Smartphone, Persona=Impulsive Buyer","Desktop_info_density=Moderate (Balanced - some details visible, cl...",0.105,0.84,1.1586206896551725,0.014374999999999999,1.7187499999999998,3
Mobile_UI,"Device=Smartphone, Persona=Impulsive Buyer",Mobile_whitespace=Balanced,0.105,0.84,0.9882352941176471,-0.0012500000000000011,0.9375,3
Mobile_UI,"Device=Smartphone, Mood=Neutral",Mobile_whitespace=Balanced,0.26,0.8387096774193549,0.9867172675521823,-0.003500000000000003,0.9300000000000003,3
Mobile_UI,Device=Laptop/Desktop,"Mobile_image_text_ratio=Balanced (50% images, 50% text - equal emphasis)",0.155,0.8378378378378378,1.009443178117877,0.0014500000000000068,1.0483333333333336,2
Mobile_UI,Persona=Deal Hunter,"Mobile_image_text_ratio=Balanced (50% images, 50% text - equal emphasis), Mobile_info_density=Moderate (Balanced - some details visible, cl...",0.1,0.8333333333333334,1.3440860215053765,0.02560000000000001,2.2800000000000007,3
Mobile_UI,Persona=Deal Hunter,"Mobile_info_density=Moderate (Balanced - some details visible, cl..., Mobile_whitespace=Balanced",0.1,0.8333333333333334,1.3440860215053765,0.02560000000000001,2.2800000000000007,3
Mobile_UI,Persona=Deal Hunter,Mobile_price_display=Strike-through Original (Shows original price...,0.1,0.8333333333333334,1.3333333333333335,0.02500000000000001,2.2500000000000004,2
Desktop_UI,"Device=Smartphone, Persona=Loyal Customer","Desktop_info_density=Moderate (Balanced - some details visible, cl...",0.075,0.8333333333333334,1.149425287356322,0.009749999999999995,1.6500000000000006,3
Global_UI,"Device=Smartphone, Persona=Loyal Customer",Global_whitespace_pref=Balanced (Moderate spacing - comfortable midd...,0.075,0.8333333333333334,1.1337868480725624,0.008849999999999997,1.5900000000000005,3
Global_UI,"Mood=Neutral, Persona=Minimalist",Global_whitespace_pref=Balanced (Moderate spacing - comfortable midd...,0.075,0.8333333333333334,1.1337868480725624,0.008849999999999997,1.5900000000000005,3
Mobile_UI,Persona=Deal Hunter,"Mobile_image_text_ratio=Balanced (50% images, 50% text - equal emphasis), Mobile_whitespace=Balanced",0.1,0.8333333333333334,1.1185682326621924,0.010600000000000012,1.5300000000000005,3
Mobile_UI,"Device=Smartphone, Persona=Loyal Customer","Mobile_image_text_ratio=Balanced (50% images, 50% text - equal emphasis), Mobile_whitespace=Balanced",0.075,0.8333333333333334,1.1185682326621924,0.007949999999999999,1.5300000000000005,4
Desktop_UI,"Mood=Neutral, Persona=Minimalist",Desktop_persistent_filters=Yes (Always visible sidebar with filters),0.075,0.8333333333333334,1.1111111111111112,0.007499999999999993,1.5000000000000004,3
Mobile_UI,Persona=Browser,"Mobile_image_text_ratio=Balanced (50% images, 50% text - equal emphasis)",0.125,0.8333333333333334,1.0040160642570282,0.0005000000000000143,1.0200000000000005,2
Mobile_UI,Mood=Bored,"Mobile_image_text_ratio=Balanced (50% images, 50% text - equal emphasis)",0.075,0.8333333333333334,1.0040160642570282,0.0003000000000000086,1.0200000000000005,2
Mobile_UI,"Mood=Neutral, Persona=Minimalist",Mobile_whitespace=Balanced,0.075,0.8333333333333334,0.9803921568627452,-0.0015000000000000013,0.9000000000000004,3
Mobile_UI,Device=Smartphone,"Mobile_image_text_ratio=Balanced (50% images, 50% text - equal emphasis)",0.675,0.8282208588957056,0.9978564565008502,-0.0014499999999998403,0.9896428571428579,2
Desktop_UI,Mood=Stressed,Desktop_persistent_filters=Yes (Always visible sidebar with filters),0.12,0.8275862068965517,1.103448275862069,0.01125000000000001,1.45,2
Mobile_UI,Mood=Stressed,"Mobile_image_text_ratio=Balanced (50% images, 50% text - equal emphasis)",0.12,0.8275862068965517,0.9970918155380142,-0.0003499999999999892,0.9860000000000002,2
Global_UI,Mood=Happy,Global_hero_banner_size=Medium Split (Takes up half the screen),0.07,0.823529411764706,1.5393073117097307,0.024524999999999998,2.6350000000000007,2
Mobile_UI,Mood=Happy,Mobile_sticky_header=Yes (Header stays at top while scrolling),0.07,0.823529411764706,1.2767897856817145,0.015175000000000001,2.0116666666666676,2
Mobile_UI,Mood=Happy,"Mobile_image_text_ratio=Balanced (50% images, 50% text - equal emphasis), Mobile_whitespace=Balanced",0.07,0.823529411764706,1.1054086063955784,0.006675,1.4450000000000005,3
Desktop_UI,Mood=Happy,Desktop_persistent_filters=Yes (Always visible sidebar with filters),0.07,0.823529411764706,1.0980392156862746,0.0062500000000000056,1.4166666666666672,2
Mobile_UI,"Device=Smartphone, Mood=Relaxed","Mobile_image_text_ratio=Balanced (50% images, 50% text - equal emphasis)",0.14,0.823529411764706,0.9922041105598868,-0.0010999999999999899,0.9633333333333339,3
Desktop_UI,Persona=Impulsive Buyer,"Desktop_info_density=Moderate (Balanced - some details visible, cl...",0.115,0.8214285714285714,1.1330049261083743,0.013499999999999998,1.5399999999999998,2
Mobile_UI,"Device=Smartphone, Persona=Deal Hunter","Mobile_info_density=Moderate (Balanced - some details visible, cl..., Mobile_price_display=Strike-through Original (Shows original price...",0.09,0.8181818181818181,1.818181818181818,0.040499999999999994,3.024999999999999,4
Mobile_UI,"Device=Smartphone, Persona=Deal Hunter","Mobile_price_display=Strike-through Original (Shows original price..., Mobile_whitespace=Balanced",0.09,0.8181818181818181,1.4876033057851237,0.02949999999999999,2.4749999999999988,4
Mobile_UI,"Device=Smartphone, Persona=Deal Hunter","Mobile_image_text_ratio=Balanced (50% images, 50% text - equal emphasis), Mobile_info_density=Moderate (Balanced - some details visible, cl..., Mobile_whitespace=Balanced",0.09,0.8181818181818181,1.4610389610389607,0.028399999999999988,2.419999999999999,5
Mobile_UI,"Device=Smartphone, Persona=Deal Hunter","Mobile_image_text_ratio=Balanced (50% images, 50% text - equal emphasis), Mobile_whitespace=Balanced",0.09,0.8181818181818181,1.0982306284319707,0.008050000000000002,1.4024999999999996,4
Mobile_UI,Mood=Neutral,"Mobile_image_text_ratio=Balanced (50% images, 50% text - equal emphasis)",0.315,0.8181818181818181,0.9857612267250822,-0.0045499999999999985,0.9349999999999999,2
Mobile_UI,Persona=Minimalist,"Mobile_image_text_ratio=Balanced (50% images, 50% text - equal emphasis)",0.18,0.8181818181818181,0.9857612267250822,-0.002599999999999991,0.9349999999999999,2
Mobile_UI,Persona=Loyal Customer,Mobile_whitespace=Balanced,0.09,0.8181818181818181,0.9625668449197861,-0.003500000000000003,0.8249999999999998,2
Mobile_UI,"Device=Smartphone, Mood=Bored","Mobile_image_text_ratio=Balanced (50% images, 50% text - equal emphasis)",0.065,0.8125,0.9789156626506025,-0.0013999999999999985,0.9066666666666668,3
Global_UI,Device=Laptop/Desktop,Global_whitespace_pref=Balanced (Moderate spacing - comfortable midd...,0.15,0.8108108108108107,1.1031439602868174,0.01402500000000001,1.4007142857142854,2
Desktop_UI,Persona=Researcher,Desktop_persistent_filters=Yes (Always visible sidebar with filters),0.21,0.8076923076923076,1.0769230769230769,0.014999999999999986,1.2999999999999994,2
Mobile_UI,"Device=Smartphone, Mood=Neutral","Mobile_image_text_ratio=Balanced (50% images, 50% text - equal emphasis)",0.25,0.8064516129032259,0.9716284492809951,-0.007299999999999973,0.8783333333333339,3
Desktop_UI,"Device=Laptop/Desktop, Mood=Neutral","Desktop_info_density=Moderate (Balanced - some details visible, cl...",0.06,0.8,1.103448275862069,0.005624999999999998,1.3750000000000004,3
Global_UI,"Device=Smartphone, Persona=Impulsive Buyer",Global_whitespace_pref=Balanced (Moderate spacing - comfortable midd...,0.1,0.8,1.08843537414966,0.008125000000000007,1.3250000000000004,3
Global_UI,"Device=Laptop/Desktop, Mood=Neutral",Global_whitespace_pref=Balanced (Moderate spacing - comfortable midd...,0.06,0.8,1.08843537414966,0.004874999999999997,1.3250000000000004,3
Mobile_UI,Mood=Relaxed,"Mobile_image_text_ratio=Balanced (50% images, 50% text - equal emphasis)",0.155,0.7948717948717948,0.9576768612913191,-0.006849999999999995,0.82875,2
Mobile_UI,"Device=Smartphone, Mood=Relaxed","Mobile_image_text_ratio=Balanced (50% images, 50% text - equal emphasis), Mobile_whitespace=Balanced",0.135,0.7941176470588235,1.0659297275957362,0.008349999999999996,1.2385714285714282,4
Mobile_UI,Mood=Stressed,Mobile_price_display=Strike-through Original (Shows original price...,0.115,0.7931034482758622,1.2689655172413796,0.024375000000000008,1.8125000000000013,2
Mobile_UI,Mood=Stressed,Mobile_whitespace=Balanced,0.115,0.7931034482758622,0.9330628803245438,-0.00824999999999998,0.7250000000000006,2
Mobile_UI,Persona=Deal Hunter,"Mobile_info_density=Moderate (Balanced - some details visible, cl..., Mobile_price_display=Strike-through Original (Shows original price...",0.095,0.7916666666666667,1.7592592592592593,0.041,2.640000000000001,3
Mobile_UI,Persona=Deal Hunter,"Mobile_sticky_header=Yes (Header stays at top while scrolling), Mobile_whitespace=Balanced",0.095,0.7916666666666667,1.4797507788161994,0.030799999999999994,2.2320000000000007,3
Mobile_UI,Persona=Deal Hunter,"Mobile_price_display=Strike-through Original (Shows original price..., Mobile_whitespace=Balanced",0.095,0.7916666666666667,1.4393939393939394,0.028999999999999998,2.1600000000000006,3
Mobile_UI,Persona=Deal Hunter,"Mobile_image_text_ratio=Balanced (50% images, 50% text - equal emphasis), Mobile_info_density=Moderate (Balanced - some details visible, cl..., Mobile_whitespace=Balanced",0.095,0.7916666666666667,1.4136904761904763,0.02779999999999999,2.1120000000000005,4
Desktop_UI,"Mood=Neutral, Persona=Researcher",Desktop_persistent_filters=Yes (Always visible sidebar with filters),0.095,0.7916666666666667,1.0555555555555556,0.0050000000000000044,1.2000000000000004,3
Desktop_UI,"Device=Smartphone, Persona=Researcher",Desktop_persistent_filters=Yes (Always visible sidebar with filters),0.15,0.7894736842105263,1.0526315789473684,0.007499999999999979,1.1875,3
Desktop_UI,"Device=Smartphone, Mood=Neutral, Persona=Researcher",Desktop_persistent_filters=Yes (Always visible sidebar with filters),0.075,0.7894736842105263,1.0526315789473684,0.0037499999999999895,1.1875,4
Mobile_UI,"Device=Smartphone, Persona=Minimalist","Mobile_image_text_ratio=Balanced (50% images, 50% text - equal emphasis)",0.13,0.7878787878787878,0.9492515516611902,-0.006949999999999984,0.8014285714285715,3
Mobile_UI,"Device=Laptop/Desktop, Persona=Researcher","Mobile_review_display=Collapsible Sections (Reviews can be expanded..., Mobile_whitespace=Balanced",0.055,0.7857142857142857,1.746031746031746,0.023499999999999993,2.566666666666667,4
Mobile_UI,"Device=Laptop/Desktop, Persona=Researcher",Mobile_review_display=Collapsible Sections (Reviews can be expanded...,0.055,0.7857142857142857,1.4824797843665767,0.017899999999999992,2.193333333333333,3
Desktop_UI,"Device=Laptop/Desktop, Persona=Researcher","Desktop_info_density=Moderate (Balanced - some details visible, cl..., Desktop_persistent_filters=Yes (Always visible sidebar with filters)",0.055,0.7857142857142857,1.4416775884665791,0.016849999999999997,2.123333333333333,4
Global_UI,Persona=Impulsive Buyer,Global_whitespace_pref=Balanced (Moderate spacing - comfortable midd...,0.11,0.7857142857142857,1.0689990281827018,0.007099999999999995,1.2366666666666666,2
Desktop_UI,Device=Laptop/Desktop,"Desktop_info_density=Moderate (Balanced - some details visible, cl...",0.145,0.7837837837837838,1.0810810810810811,0.010874999999999996,1.271875,2
Mobile_UI,"Device=Smartphone, Mood=Stressed",Mobile_price_display=Strike-through Original (Shows original price...,0.09,0.7826086956521738,1.2521739130434781,0.01812499999999999,1.7249999999999994,3
Desktop_UI,"Device=Smartphone, Mood=Stressed",Desktop_persistent_filters=Yes (Always visible sidebar with filters),0.09,0.7826086956521738,1.0434782608695652,0.0037499999999999895,1.1499999999999997,3
Mobile_UI,"Device=Smartphone, Mood=Stressed","Mobile_image_text_ratio=Balanced (50% images, 50% text - equal emphasis)",0.09,0.7826086956521738,0.9429020429544264,-0.0054499999999999965,0.7819999999999999,3
Mobile_UI,"Device=Smartphone, Mood=Stressed",Mobile_whitespace=Balanced,0.09,0.7826086956521738,0.9207161125319693,-0.007750000000000007,0.6899999999999998,3
Mobile_UI,"Device=Smartphone, Persona=Loyal Customer","Mobile_info_density=Moderate (Balanced - some details visible, cl...",0.07,0.7777777777777779,1.1354420113544201,0.008350000000000003,1.4175000000000006,3
Mobile_UI,"Mood=Neutral, Persona=Minimalist","Mobile_info_density=Moderate (Balanced - some details visible, cl...",0.07,0.7777777777777779,1.1354420113544201,0.008350000000000003,1.4175000000000006,3
Global_UI,Mood=Bored,Global_whitespace_pref=Balanced (Moderate spacing - comfortable midd...,0.07,0.7777777777777779,1.0582010582010584,0.003850000000000006,1.1925000000000008,2
Mobile_UI,"Mood=Neutral, Persona=Minimalist","Mobile_image_text_ratio=Balanced (50% images, 50% text - equal emphasis), Mobile_whitespace=Balanced",0.07,0.7777777777777779,1.0439970171513797,0.002950000000000008,1.1475000000000006,4
Mobile_UI,"Device=Smartphone, Persona=Deal Hunter","Mobile_info_density=Moderate (Balanced - some details visible, cl..., Mobile_price_display=Strike-through Original (Shows original price..., Mobile_whitespace=Balanced",0.085,0.7727272727272728,1.9318181818181819,0.041,2.640000000000001,5
Mobile_UI,"Device=Smartphone, Persona=Deal Hunter","Mobile_image_text_ratio=Balanced (50% images, 50% text - equal emphasis), Mobile_info_density=Moderate (Balanced - some details visible, cl..., Mobile_price_display=Strike-through Original (Shows original price...",0.085,0.7727272727272728,1.9079685746352415,0.04045,2.6180000000000008,5
Mobile_UI,"Device=Smartphone, Persona=Deal Hunter","Mobile_info_density=Moderate (Balanced - some details visible, cl..., Mobile_sticky_header=Yes (Header stays at top while scrolling)",0.085,0.7727272727272728,1.7364657814096018,0.036050000000000006,2.4420000000000006,4
Mobile_UI,"Device=Smartphone, Persona=Deal Hunter","Mobile_sticky_header=Yes (Header stays at top while scrolling), Mobile_whitespace=Balanced",0.085,0.7727272727272728,1.4443500424808837,0.02615,2.0460000000000007,4
Mobile_UI,"Device=Smartphone, Persona=Deal Hunter","Mobile_image_text_ratio=Balanced (50% images, 50% text - equal emphasis), Mobile_price_display=Strike-through Original (Shows original price...",0.085,0.7727272727272728,1.4049586776859504,0.0245,1.9800000000000006,4
Desktop_UI,Persona=Loyal Customer,"Desktop_info_density=Moderate (Balanced - some details visible, cl...",0.085,0.7727272727272728,1.065830721003135,0.005250000000000005,1.2100000000000006,2
Mobile_UI,Persona=Loyal Customer,"Mobile_image_text_ratio=Balanced (50% images, 50% text - equal emphasis), Mobile_whitespace=Balanced",0.085,0.7727272727272728,1.037217815741306,0.003050000000000011,1.1220000000000006,3
Desktop_UI,Persona=Loyal Customer,Desktop_persistent_filters=Yes (Always visible sidebar with filters),0.085,0.7727272727272728,1.0303030303030305,0.0025000000000000022,1.1000000000000005,2
Mobile_UI,Persona=Minimalist,Mobile_whitespace=Balanced,0.17,0.7727272727272728,0.9090909090909092,-0.016999999999999987,0.6600000000000004,2
Desktop_UI,"Device=Smartphone, Mood=Happy",Desktop_search_visibility=Collapsible (Search bar that expands when cli...,0.05,0.7692307692307693,1.9723865877712032,0.024650000000000002,2.643333333333334,3
Mobile_UI,"Device=Smartphone, Mood=Happy","Mobile_image_text_ratio=Balanced (50% images, 50% text - equal emphasis), Mobile_sticky_header=Yes (Header stays at top while scrolling)",0.05,0.7692307692307693,1.4792899408284024,0.0162,2.0800000000000005,4
Global_UI,"Device=Smartphone, Mood=Happy",Global_hero_banner_size=Medium Split (Takes up half the screen),0.05,0.7692307692307693,1.4378145219266714,0.015225000000000002,2.015,3
Desktop_UI,"Device=Smartphone, Mood=Neutral, Persona=Minimalist",Desktop_whitespace=Balanced,0.05,0.7692307692307693,1.3495276653171393,0.012950000000000003,1.863333333333334,4
Global_UI,"Device=Smartphone, Mood=Neutral, Persona=Minimalist","Global_accent_color_pref=Blue (Trustworthy, professional, calm)",0.05,0.7692307692307693,1.2714558169103625,0.010675000000000004,1.7116666666666671,4
Mobile_UI,"Device=Smartphone, Mood=Happy",Mobile_sticky_header=Yes (Header stays at top while scrolling),0.05,0.7692307692307693,1.1926058437686344,0.008074999999999999,1.5383333333333336,3
Desktop_UI,"Device=Smartphone, Mood=Neutral, Persona=Minimalist","Desktop_info_density=Moderate (Balanced - some details visible, cl...",0.05,0.7692307692307693,1.0610079575596818,0.0028750000000000026,1.1916666666666669,4
Global_UI,"Device=Smartphone, Mood=Happy",Global_whitespace_pref=Balanced (Moderate spacing - comfortable midd...,0.05,0.7692307692307693,1.0465724751439038,0.0022250000000000048,1.1483333333333337,3
Desktop_UI,"Device=Smartphone, Mood=Happy",Desktop_persistent_filters=Yes (Always visible sidebar with filters),0.05,0.7692307692307693,1.0256410256410258,0.0012500000000000011,1.0833333333333335,3
Desktop_UI,"Device=Smartphone, Mood=Neutral, Persona=Minimalist",Desktop_persistent_filters=Yes (Always visible sidebar with filters),0.05,0.7692307692307693,1.0256410256410258,0.0012500000000000011,1.0833333333333335,4
Mobile_UI,Persona=Researcher,"Mobile_image_text_ratio=Balanced (50% images, 50% text - equal emphasis)",0.2,0.7692307692307693,0.9267840593141798,-0.01579999999999998,0.736666666666667,2
Mobile_UI,"Device=Smartphone, Mood=Neutral, Persona=Minimalist",Mobile_whitespace=Balanced,0.05,0.7692307692307693,0.904977375565611,-0.005249999999999998,0.6500000000000002,4
Desktop_UI,Persona=Browser,"Desktop_image_text_ratio=Image-focused (80% images, 20% text - highly ...",0.115,0.7666666666666667,1.4330218068535825,0.03475,1.992857142857143,2
Mobile_UI,Persona=Browser,Mobile_whitespace=Balanced,0.115,0.7666666666666667,0.9019607843137256,-0.012499999999999997,0.6428571428571431,2
Desktop_UI,Mood=Neutral,Desktop_persistent_filters=Yes (Always visible sidebar with filters),0.295,0.7662337662337662,1.0216450216450215,0.006249999999999978,1.0694444444444442,2
Desktop_UI,Mood=Happy,Desktop_search_visibility=Collapsible (Search bar that expands when cli...,0.065,0.7647058823529411,1.96078431372549,0.031849999999999996,2.5924999999999994,2
Mobile_UI,Mood=Happy,"Mobile_image_text_ratio=Balanced (50% images, 50% text - equal emphasis), Mobile_sticky_header=Yes (Header stays at top while scrolling)",0.065,0.7647058823529411,1.4705882352941175,0.0208,2.0399999999999996,3
Mobile_UI,Mood=Happy,"Mobile_image_text_ratio=Balanced (50% images, 50% text - equal emphasis), Mobile_info_density=Moderate (Balanced - some details visible, cl...",0.065,0.7647058823529411,1.2333965844402277,0.012299999999999998,1.6149999999999998,3
Mobile_UI,Mood=Happy,"Mobile_info_density=Moderate (Balanced - some details visible, cl...",0.065,0.7647058823529411,1.1163589523400599,0.006774999999999996,1.3387499999999994,2
Desktop_UI,"Device=Smartphone, Mood=Relaxed","Desktop_info_density=Moderate (Balanced - some details visible, cl...",0.13,0.7647058823529411,1.0547667342799187,0.006750000000000006,1.1687499999999997,3
Global_UI,Mood=Happy,Global_whitespace_pref=Balanced (Moderate spacing - comfortable midd...,0.065,0.7647058823529411,1.0404161664665865,0.0025249999999999995,1.1262499999999998,2
Global_UI,"Device=Smartphone, Persona=Researcher",Global_whitespace_pref=Balanced (Moderate spacing - comfortable midd...,0.145,0.763157894736842,1.0383100608664517,0.005349999999999994,1.1188888888888886,3
Mobile_UI,"Device=Smartphone, Persona=Impulsive Buyer","Mobile_image_text_ratio=Balanced (50% images, 50% text - equal emphasis), Mobile_whitespace=Balanced",0.095,0.76,1.0201342281879195,0.0018750000000000017,1.0625,4
Desktop_UI,Mood=Stressed,"Desktop_info_density=Moderate (Balanced - some details visible, cl...",0.11,0.7586206896551725,1.0463733650416172,0.004875000000000004,1.1392857142857147,2
Mobile_UI,"Device=Smartphone, Persona=Minimalist",Mobile_whitespace=Balanced,0.125,0.7575757575757576,0.8912655971479501,-0.015250000000000014,0.61875,3
Mobile_UI,Device=Laptop/Desktop,"Mobile_image_text_ratio=Balanced (50% images, 50% text - equal emphasis), Mobile_whitespace=Balanced",0.14,0.7567567567567568,1.0157808815526936,0.0021750000000000103,1.0483333333333336,3
Global_UI,Mood=Neutral,Global_whitespace_pref=Balanced (Moderate spacing - comfortable midd...,0.29,0.7532467532467532,1.024825514621433,0.0070250000000000035,1.0739473684210523,2
Mobile_UI,Persona=Deal Hunter,"Mobile_info_density=Moderate (Balanced - some details visible, cl..., Mobile_price_display=Strike-through Original (Shows original price..., Mobile_whitespace=Balanced",0.09,0.75,1.875,0.041999999999999996,2.4,4
Mobile_UI,Persona=Deal Hunter,"Mobile_image_text_ratio=Balanced (50% images, 50% text - equal emphasis), Mobile_info_density=Moderate (Balanced - some details visible, cl..., Mobile_price_display=Strike-through Original (Shows original price...",0.09,0.75,1.8518518518518516,0.04139999999999999,2.38,4
Mobile_UI,"Device=Smartphone, Mood=Bored",Mobile_category_display=Dropdown Menu (Text-based dropdown list),0.06,0.75,1.7647058823529411,0.025999999999999995,2.3,3
Mobile_UI,Persona=Deal Hunter,"Mobile_info_density=Moderate (Balanced - some details visible, cl..., Mobile_sticky_header=Yes (Header stays at top while scrolling)",0.09,0.75,1.6853932584269662,0.0366,2.2199999999999998,3
Mobile_UI,Persona=Deal Hunter,"Mobile_image_text_ratio=Balanced (50% images, 50% text - equal emphasis), Mobile_sticky_header=Yes (Header stays at top while scrolling)",0.09,0.75,1.4423076923076923,0.0276,1.92,3
Mobile_UI,Persona=Deal Hunter,"Mobile_image_text_ratio=Balanced (50% images, 50% text - equal emphasis), Mobile_price_display=Strike-through Original (Shows original price...",0.09,0.75,1.3636363636363635,0.023999999999999994,1.7999999999999998,3
Desktop_UI,Persona=Researcher,"Desktop_info_density=Moderate (Balanced - some details visible, cl...",0.195,0.75,1.0344827586206897,0.006500000000000006,1.1,2
Global_UI,Persona=Researcher,Global_whitespace_pref=Balanced (Moderate spacing - comfortable midd...,0.195,0.75,1.0204081632653061,0.0039000000000000146,1.06,2
Global_UI,"Mood=Neutral, Persona=Researcher",Global_whitespace_pref=Balanced (Moderate spacing - comfortable midd...,0.09,0.75,1.0204081632653061,0.001799999999999996,1.06,3
Global_UI,"Device=Smartphone, Mood=Bored",Global_whitespace_pref=Balanced (Moderate spacing - comfortable midd...,0.06,0.75,1.0204081632653061,0.0011999999999999997,1.06,3
Mobile_UI,Persona=Researcher,"Mobile_image_text_ratio=Balanced (50% images, 50% text - equal emphasis), Mobile_whitespace=Balanced",0.195,0.75,1.0067114093959733,0.0012999999999999956,1.02,3
Desktop_UI,Persona=Deal Hunter,Desktop_persistent_filters=Yes (Always visible sidebar with filters),0.09,0.75,1.0,0.0,1.0,2
Mobile_UI,"Device=Smartphone, Mood=Bored",Mobile_whitespace=Balanced,0.06,0.75,0.8823529411764706,-0.008000000000000007,0.6000000000000001,3
Mobile_UI,Persona=Impulsive Buyer,"Mobile_image_text_ratio=Balanced (50% images, 50% text - equal emphasis), Mobile_whitespace=Balanced",0.105,0.7499999999999999,1.006711409395973,0.0006999999999999923,1.0199999999999996,3
Mobile_UI,Mood=Relaxed,Mobile_filter_location=Drawer Overlay (Slides in from the side when ...,0.145,0.7435897435897435,1.282051282051282,0.0319,1.6379999999999997,2
Desktop_UI,Mood=Relaxed,"Desktop_info_density=Moderate (Balanced - some details visible, cl...",0.145,0.7435897435897435,1.0256410256410255,0.0036249999999999893,1.0724999999999998,2
Mobile_UI,Mood=Relaxed,"Mobile_image_text_ratio=Balanced (50% images, 50% text - equal emphasis), Mobile_whitespace=Balanced",0.145,0.7435897435897435,0.9981070383754946,-0.0002750000000000252,0.9944999999999997,3
Mobile_UI,Device=Smartphone,"Mobile_image_text_ratio=Balanced (50% images, 50% text - equal emphasis), Mobile_whitespace=Balanced",0.605,0.7423312883435583,0.9964178367027628,-0.002174999999999927,0.9896428571428574,3
Global_UI,"Device=Smartphone, Mood=Neutral",Global_whitespace_pref=Balanced (Moderate spacing - comfortable midd...,0.23,0.7419354838709677,1.0094360324775071,0.002150000000000013,1.026875,3
Desktop_UI,"Device=Smartphone, Persona=Browser","Desktop_image_text_ratio=Image-focused (80% images, 20% text - highly ...",0.1,0.7407407407407407,1.3845621322256834,0.027774999999999994,1.7935714285714282,3
Global_UI,"Device=Smartphone, Persona=Browser","Global_accent_color_pref=Blue (Trustworthy, professional, calm)",0.1,0.7407407407407407,1.2243648607284972,0.018325000000000008,1.5235714285714284,3
Desktop_UI,"Device=Smartphone, Persona=Browser",Desktop_persistent_filters=Yes (Always visible sidebar with filters),0.1,0.7407407407407407,0.9876543209876543,-0.0012500000000000011,0.9642857142857141,3
Mobile_UI,"Device=Smartphone, Persona=Browser",Mobile_whitespace=Balanced,0.1,0.7407407407407407,0.8714596949891067,-0.01475,0.5785714285714285,3
Desktop_UI,Mood=Neutral,"Desktop_info_density=Moderate (Balanced - some details visible, cl...",0.285,0.7402597402597402,1.0210479175996416,0.005874999999999964,1.0587499999999996,2
Mobile_UI,Mood=Neutral,"Mobile_image_text_ratio=Balanced (50% images, 50% text - equal emphasis), Mobile_whitespace=Balanced",0.285,0.7402597402597402,0.9936372352479734,-0.001825000000000021,0.9817499999999997,3
Global_UI,"Device=Smartphone, Mood=Neutral, Persona=Researcher",Global_whitespace_pref=Balanced (Moderate spacing - comfortable midd...,0.07,0.736842105263158,1.0025062656641606,0.00017500000000000848,1.0070000000000003,4
Mobile_UI,"Device=Smartphone, Persona=Researcher","Mobile_image_text_ratio=Balanced (50% images, 50% text - equal emphasis)",0.14,0.736842105263158,0.8877615726062145,-0.017699999999999994,0.6460000000000004,3
Mobile_UI,"Device=Smartphone, Mood=Relaxed",Mobile_filter_location=Drawer Overlay (Slides in from the side when ...,0.125,0.7352941176470588,1.2677484787018256,0.026399999999999993,1.5866666666666664,3
Desktop_UI,"Device=Laptop/Desktop, Mood=Neutral","Desktop_info_density=Moderate (Balanced - some details visible, cl..., Desktop_persistent_filters=Yes (Always visible sidebar with filters)",0.055,0.7333333333333334,1.345565749235474,0.014124999999999999,1.7062500000000003,4
Mobile_UI,"Device=Laptop/Desktop, Mood=Neutral","Mobile_touch_size=Standard (Normal size, more content visible)",0.055,0.7333333333333334,1.3213213213213213,0.013374999999999998,1.6687500000000002,3
Mobile_UI,"Device=Laptop/Desktop, Mood=Neutral","Mobile_image_text_ratio=Balanced (50% images, 50% text - equal emphasis), Mobile_info_density=Moderate (Balanced - some details visible, cl..., Mobile_whitespace=Balanced",0.055,0.7333333333333334,1.3095238095238095,0.012999999999999998,1.6500000000000001,5
Desktop_UI,"Device=Laptop/Desktop, Mood=Neutral",Desktop_whitespace=Balanced,0.055,0.7333333333333334,1.2865497076023393,0.012250000000000004,1.6125000000000005,3
Global_UI,Persona=Browser,"Global_accent_color_pref=Blue (Trustworthy, professional, calm)",0.11,0.7333333333333334,1.2121212121212122,0.019250000000000003,1.4812500000000004,2
Mobile_UI,"Device=Laptop/Desktop, Mood=Neutral","Mobile_image_text_ratio=Balanced (50% images, 50% text - equal emphasis), Mobile_info_density=Moderate (Balanced - some details visible, cl...",0.055,0.7333333333333334,1.1827956989247312,0.0085,1.4250000000000003,4
Mobile_UI,"Device=Laptop/Desktop, Mood=Neutral","Mobile_info_density=Moderate (Balanced - some details visible, cl..., Mobile_whitespace=Balanced",0.055,0.7333333333333334,1.1827956989247312,0.0085,1.4250000000000003,4
Mobile_UI,"Device=Laptop/Desktop, Mood=Neutral","Mobile_info_density=Moderate (Balanced - some details visible, cl...",0.055,0.7333333333333334,1.0705596107055961,0.0036249999999999963,1.1812500000000001,3
Desktop_UI,Persona=Browser,Desktop_persistent_filters=Yes (Always visible sidebar with filters),0.11,0.7333333333333334,0.9777777777777779,-0.0024999999999999883,0.9375000000000002,2
Mobile_UI,"Device=Smartphone, Persona=Deal Hunter","Mobile_image_text_ratio=Balanced (50% images, 50% text - equal emphasis), Mobile_info_density=Moderate (Balanced - some details visible, cl..., Mobile_price_display=Strike-through Original (Shows original price..., Mobile_whitespace=Balanced",0.08,0.7272727272727273,2.0202020202020203,0.040400000000000005,2.3466666666666667,6
Mobile_UI,"Device=Smartphone, Persona=Deal Hunter","Mobile_price_display=Strike-through Original (Shows original price..., Mobile_sticky_header=Yes (Header stays at top while scrolling)",0.08,0.7272727272727273,1.8411967779056386,0.03655,2.2183333333333333,4
Mobile_UI,"Device=Smartphone, Persona=Deal Hunter","Mobile_info_density=Moderate (Balanced - some details visible, cl..., Mobile_sticky_header=Yes (Header stays at top while scrolling), Mobile_whitespace=Balanced",0.08,0.7272727272727273,1.8181818181818181,0.036,2.2,5
Mobile_UI,"Device=Smartphone, Persona=Deal Hunter","Mobile_image_text_ratio=Balanced (50% images, 50% text - equal emphasis), Mobile_info_density=Moderate (Balanced - some details visible, cl..., Mobile_sticky_header=Yes (Header stays at top while scrolling)",0.08,0.7272727272727273,1.8181818181818181,0.036,2.2,5
Mobile_UI,"Device=Smartphone, Persona=Deal Hunter","Mobile_image_text_ratio=Balanced (50% images, 50% text - equal emphasis), Mobile_price_display=Strike-through Original (Shows original price..., Mobile_whitespace=Balanced",0.08,0.7272727272727273,1.4842300556586272,0.026100000000000005,1.87,5
Mobile_UI,"Device=Smartphone, Persona=Deal Hunter","Mobile_image_text_ratio=Balanced (50% images, 50% text - equal emphasis), Mobile_sticky_header=Yes (Header stays at top while scrolling)",0.08,0.7272727272727273,1.3986013986013985,0.0228,1.76,4
Mobile_UI,Persona=Loyal Customer,"Mobile_info_density=Moderate (Balanced - some details visible, cl...",0.08,0.7272727272727273,1.06171201061712,0.004650000000000001,1.1549999999999998,2
Desktop_UI,"Device=Smartphone, Persona=Deal Hunter","Desktop_info_density=Moderate (Balanced - some details visible, cl...",0.08,0.7272727272727273,1.0031347962382446,0.0002500000000000002,1.0083333333333335,3
Global_UI,"Device=Smartphone, Persona=Deal Hunter",Global_whitespace_pref=Balanced (Moderate spacing - comfortable midd...,0.08,0.7272727272727273,0.9894867037724181,-0.0008500000000000035,0.9716666666666668,3
Desktop_UI,Persona=Minimalist,Desktop_persistent_filters=Yes (Always visible sidebar with filters),0.16,0.7272727272727273,0.9696969696969697,-0.0050000000000000044,0.9166666666666667,2
Desktop_UI,"Device=Smartphone, Persona=Deal Hunter",Desktop_persistent_filters=Yes (Always visible sidebar with filters),0.08,0.7272727272727273,0.9696969696969697,-0.0025000000000000022,0.9166666666666667,3
Desktop_UI,"Device=Smartphone, Mood=Neutral","Desktop_info_density=Moderate (Balanced - some details visible, cl...",0.225,0.7258064516129032,1.0011123470522805,0.0002500000000000002,1.0029411764705884,3
Desktop_UI,"Device=Smartphone, Mood=Neutral",Desktop_persistent_filters=Yes (Always visible sidebar with filters),0.225,0.7258064516129032,0.967741935483871,-0.007499999999999979,0.911764705882353,3
Mobile_UI,Mood=Stressed,"Mobile_image_text_ratio=Balanced (50% images, 50% text - equal emphasis), Mobile_price_display=Strike-through Original (Shows original price...",0.105,0.7241379310344828,1.316614420062696,0.025249999999999995,1.6312499999999999,3
Mobile_UI,Mood=Stressed,"Mobile_image_text_ratio=Balanced (50% images, 50% text - equal emphasis), Mobile_whitespace=Balanced",0.105,0.7241379310344828,0.9719972228650775,-0.003025,0.9243750000000001,3
Mobile_UI,Mood=Bored,Mobile_category_display=Dropdown Menu (Text-based dropdown list),0.065,0.7222222222222223,1.6993464052287583,0.026750000000000003,2.0700000000000007,2
Desktop_UI,"Mood=Neutral, Persona=Minimalist",Desktop_whitespace=Balanced,0.065,0.7222222222222223,1.2670565302144252,0.01370000000000001,1.5480000000000007,3
Global_UI,"Mood=Neutral, Persona=Minimalist","Global_accent_color_pref=Blue (Trustworthy, professional, calm)",0.065,0.7222222222222223,1.1937557392102849,0.010550000000000004,1.4220000000000006,3
Mobile_UI,"Device=Smartphone, Persona=Loyal Customer","Mobile_image_text_ratio=Balanced (50% images, 50% text - equal emphasis), Mobile_info_density=Moderate (Balanced - some details visible, cl...",0.065,0.7222222222222223,1.1648745519713264,0.009200000000000007,1.3680000000000005,4
Mobile_UI,"Device=Smartphone, Persona=Loyal Customer","Mobile_info_density=Moderate (Balanced - some details visible, cl..., Mobile_whitespace=Balanced",0.065,0.7222222222222223,1.1648745519713264,0.009200000000000007,1.3680000000000005,4
Mobile_UI,Mood=Bored,"Mobile_image_text_ratio=Balanced (50% images, 50% text - equal emphasis), Mobile_info_density=Moderate (Balanced - some details visible, cl...",0.065,0.7222222222222223,1.1648745519713264,0.009200000000000007,1.3680000000000005,3
Mobile_UI,Mood=Bored,"Mobile_info_density=Moderate (Balanced - some details visible, cl...",0.065,0.7222222222222223,1.05433901054339,0.003349999999999999,1.1340000000000001,2
Desktop_UI,"Mood=Neutral, Persona=Minimalist","Desktop_info_density=Moderate (Balanced - some details visible, cl...",0.065,0.7222222222222223,0.9961685823754791,-0.0002500000000000002,0.9900000000000004,3
Desktop_UI,"Device=Smartphone, Persona=Loyal Customer",Desktop_persistent_filters=Yes (Always visible sidebar with filters),0.065,0.7222222222222223,0.9629629629629631,-0.0025000000000000022,0.9000000000000004,3
Mobile_UI,Mood=Bored,Mobile_whitespace=Balanced,0.065,0.7222222222222223,0.8496732026143792,-0.011499999999999996,0.5400000000000003,2
Mobile_UI,"Device=Smartphone, Persona=Impulsive Buyer",Mobile_quick_view=Slide-Up Panel (Preview product details in a ...,0.09,0.72,1.3846153846153846,0.024999999999999994,1.714285714285714,3
Mobile_UI,"Device=Smartphone, Persona=Impulsive Buyer","Mobile_info_density=Moderate (Balanced - some details visible, cl...",0.09,0.72,1.0510948905109487,0.00437499999999999,1.1249999999999998,3
Global_UI,Mood=Relaxed,Global_whitespace_pref=Balanced (Moderate spacing - comfortable midd...,0.14,0.717948717948718,0.9768009768009768,-0.0033249999999999946,0.9395454545454546,2
Global_UI,Device=Smartphone,Global_whitespace_pref=Balanced (Moderate spacing - comfortable midd...,0.585,0.7177914110429447,0.9765869537999249,-0.014024999999999954,0.9390217391304347,2
Desktop_UI,Device=Smartphone,Desktop_persistent_filters=Yes (Always visible sidebar with filters),0.585,0.7177914110429447,0.9570552147239263,-0.026249999999999996,0.8858695652173912,2
Mobile_UI,"Device=Laptop/Desktop, Persona=Researcher","Mobile_image_text_ratio=Balanced (50% images, 50% text - equal emphasis), Mobile_review_display=Collapsible Sections (Reviews can be expanded..., Mobile_whitespace=Balanced",0.05,0.7142857142857143,1.8083182640144666,0.02235,2.1175,5
Mobile_UI,"Device=Laptop/Desktop, Persona=Researcher","Mobile_image_text_ratio=Balanced (50% images, 50% text - equal emphasis), Mobile_review_display=Collapsible Sections (Reviews can be expanded...",0.05,0.7142857142857143,1.5873015873015872,0.018499999999999996,1.9250000000000003,4
Mobile_UI,Persona=Impulsive Buyer,Mobile_quick_view=Slide-Up Panel (Preview product details in a ...,0.1,0.7142857142857143,1.3736263736263736,0.027200000000000002,1.68,2
Global_UI,Persona=Impulsive Buyer,Global_hero_banner_size=Medium Split (Takes up half the screen),0.1,0.7142857142857143,1.335113484646195,0.025099999999999997,1.6275,2
Global_UI,"Device=Laptop/Desktop, Persona=Researcher",Global_hero_banner_size=Medium Split (Takes up half the screen),0.05,0.7142857142857143,1.335113484646195,0.012549999999999999,1.6275,3
Mobile_UI,"Device=Laptop/Desktop, Persona=Researcher","Mobile_image_text_ratio=Balanced (50% images, 50% text - equal emphasis), Mobile_info_density=Moderate (Balanced - some details visible, cl..., Mobile_whitespace=Balanced",0.05,0.7142857142857143,1.2755102040816326,0.010799999999999997,1.5399999999999998,5
Mobile_UI,"Device=Laptop/Desktop, Persona=Researcher","Mobile_image_text_ratio=Balanced (50% images, 50% text - equal emphasis), Mobile_info_density=Moderate (Balanced - some details visible, cl...",0.05,0.7142857142857143,1.1520737327188941,0.006600000000000002,1.33,4
Mobile_UI,"Device=Laptop/Desktop, Persona=Researcher","Mobile_info_density=Moderate (Balanced - some details visible, cl..., Mobile_whitespace=Balanced",0.05,0.7142857142857143,1.1520737327188941,0.006600000000000002,1.33,4
Mobile_UI,Persona=Impulsive Buyer,"Mobile_info_density=Moderate (Balanced - some details visible, cl...",0.1,0.7142857142857143,1.0427528675703857,0.0040999999999999925,1.1024999999999998,2
Mobile_UI,"Device=Laptop/Desktop, Persona=Researcher","Mobile_info_density=Moderate (Balanced - some details visible, cl...",0.05,0.7142857142857143,1.0427528675703857,0.0020499999999999963,1.1024999999999998,3
Global_UI,"Device=Laptop/Desktop, Persona=Researcher",Global_whitespace_pref=Balanced (Moderate spacing - comfortable midd...,0.05,0.7142857142857143,0.9718172983479106,-0.00145,0.9275000000000001,3
Desktop_UI,Device=Smartphone,"Desktop_info_density=Moderate (Balanced - some details visible, cl...",0.58,0.7116564417177914,0.9815950920245399,-0.010874999999999968,0.9537234042553192,2
Mobile_UI,"Device=Smartphone, Persona=Researcher","Mobile_image_text_ratio=Balanced (50% images, 50% text - equal emphasis), Mobile_whitespace=Balanced",0.135,0.7105263157894737,0.9537265983751324,-0.00655,0.8809090909090909,4
Mobile_UI,"Device=Smartphone, Mood=Neutral","Mobile_image_text_ratio=Balanced (50% images, 50% text - equal emphasis), Mobile_whitespace=Balanced",0.22,0.7096774193548387,0.952587140073609,-0.010949999999999988,0.8783333333333334,4
Mobile_UI,Persona=Deal Hunter,"Mobile_image_text_ratio=Balanced (50% images, 50% text - equal emphasis), Mobile_info_density=Moderate (Balanced - some details visible, cl..., Mobile_price_display=Strike-through Original (Shows original price..., Mobile_whitespace=Balanced",0.085,0.7083333333333334,1.9675925925925928,0.04180000000000001,2.1942857142857144,5
Mobile_UI,Persona=Deal Hunter,"Mobile_price_display=Strike-through Original (Shows original price..., Mobile_sticky_header=Yes (Header stays at top while scrolling)",0.085,0.7083333333333334,1.7932489451476794,0.03760000000000001,2.0742857142857143,3
Mobile_UI,Persona=Deal Hunter,"Mobile_info_density=Moderate (Balanced - some details visible, cl..., Mobile_sticky_header=Yes (Header stays at top while scrolling), Mobile_whitespace=Balanced",0.085,0.7083333333333334,1.7708333333333333,0.037000000000000005,2.0571428571428574,4
Mobile_UI,Persona=Deal Hunter,"Mobile_image_text_ratio=Balanced (50% images, 50% text - equal emphasis), Mobile_info_density=Moderate (Balanced - some details visible, cl..., Mobile_sticky_header=Yes (Header stays at top while scrolling)",0.085,0.7083333333333334,1.7708333333333333,0.037000000000000005,2.0571428571428574,4
Mobile_UI,Persona=Deal Hunter,"Mobile_image_text_ratio=Balanced (50% images, 50% text - equal emphasis), Mobile_sticky_header=Yes (Header stays at top while scrolling), Mobile_whitespace=Balanced",0.085,0.7083333333333334,1.5232974910394266,0.029200000000000004,1.8342857142857143,4
Mobile_UI,Persona=Deal Hunter,"Mobile_image_text_ratio=Balanced (50% images, 50% text - equal emphasis), Mobile_price_display=Strike-through Original (Shows original price..., Mobile_whitespace=Balanced",0.085,0.7083333333333334,1.4455782312925172,0.026200000000000008,1.7485714285714289,4
Global_UI,"Mood=Neutral, Persona=Researcher","Global_accent_color_pref=Blue (Trustworthy, professional, calm)",0.085,0.7083333333333334,1.1707988980716255,0.012400000000000008,1.3542857142857145,3
Desktop_UI,Persona=Deal Hunter,"Desktop_info_density=Moderate (Balanced - some details visible, cl...",0.085,0.7083333333333334,0.9770114942528736,-0.001999999999999988,0.9428571428571431,2
Global_UI,Persona=Deal Hunter,Global_whitespace_pref=Balanced (Moderate spacing - comfortable midd...,0.085,0.7083333333333334,0.963718820861678,-0.0031999999999999945,0.9085714285714287,2
Mobile_UI,Mood=Happy,"Mobile_sticky_header=Yes (Header stays at top while scrolling), Mobile_whitespace=Balanced",0.06,0.7058823529411764,1.3194062671797688,0.01452499999999999,1.5809999999999995,3
Mobile_UI,Mood=Happy,Mobile_filter_location=Drawer Overlay (Slides in from the side when ...,0.06,0.7058823529411764,1.2170385395537524,0.010699999999999994,1.4279999999999997,2
Desktop_UI,Mood=Happy,"Desktop_info_density=Moderate (Balanced - some details visible, cl...",0.06,0.7058823529411764,0.973630831643002,-0.0016250000000000014,0.9349999999999998,2
Desktop_UI,"Device=Smartphone, Mood=Relaxed",Desktop_persistent_filters=Yes (Always visible sidebar with filters),0.12,0.7058823529411764,0.9411764705882352,-0.007500000000000007,0.8499999999999999,3
Mobile_UI,Persona=Minimalist,Mobile_filter_location=Drawer Overlay (Slides in from the side when ...,0.155,0.7045454545454546,1.2147335423197494,0.027400000000000008,1.4215384615384619,2
Mobile_UI,Persona=Minimalist,"Mobile_image_text_ratio=Balanced (50% images, 50% text - equal emphasis), Mobile_whitespace=Balanced",0.155,0.7045454545454546,0.9456985967053082,-0.008899999999999991,0.8630769230769232,3
Mobile_UI,"Device=Smartphone, Persona=Browser","Mobile_image_text_ratio=Balanced (50% images, 50% text - equal emphasis), Mobile_whitespace=Balanced",0.095,0.7037037037037037,0.9445687298036292,-0.0055750000000000105,0.8606250000000001,4
Desktop_UI,Device=Laptop/Desktop,"Desktop_info_density=Moderate (Balanced - some details visible, cl..., Desktop_persistent_filters=Yes (Always visible sidebar with filters)",0.13,0.7027027027027027,1.2893627572526656,0.029174999999999993,1.5304545454545455,3
Mobile_UI,Device=Laptop/Desktop,"Mobile_info_density=Moderate (Balanced - some details visible, cl...",0.13,0.7027027027027027,1.0258433616097848,0.003275,1.0595454545454546,2
Mobile_UI,Persona=Browser,"Mobile_image_text_ratio=Balanced (50% images, 50% text - equal emphasis), Mobile_whitespace=Balanced",0.105,0.7,0.9395973154362416,-0.006750000000000006,0.8499999999999999,3
Mobile_UI,"Device=Smartphone, Persona=Minimalist",Mobile_filter_location=Drawer Overlay (Slides in from the side when ...,0.115,0.696969696969697,1.2016718913270639,0.01930000000000001,1.3860000000000003,3
Mobile_UI,"Device=Smartphone, Persona=Minimalist","Mobile_image_text_ratio=Balanced (50% images, 50% text - equal emphasis), Mobile_whitespace=Balanced",0.115,0.696969696969697,0.9355297945901974,-0.007925000000000001,0.8415000000000001,4
Mobile_UI,"Device=Smartphone, Mood=Stressed","Mobile_image_text_ratio=Balanced (50% images, 50% text - equal emphasis), Mobile_price_display=Strike-through Original (Shows original price...",0.08,0.6956521739130435,1.2648221343873516,0.016749999999999987,1.4785714285714284,4
Mobile_UI,"Device=Smartphone, Mood=Stressed","Mobile_price_display=Strike-through Original (Shows original price..., Mobile_whitespace=Balanced",0.08,0.6956521739130435,1.2648221343873516,0.016749999999999987,1.4785714285714284,4
Desktop_UI,"Device=Smartphone, Mood=Stressed","Desktop_info_density=Moderate (Balanced - some details visible, cl...",0.08,0.6956521739130435,0.95952023988006,-0.003375000000000003,0.9035714285714286,3
Mobile_UI,"Device=Smartphone, Mood=Stressed","Mobile_image_text_ratio=Balanced (50% images, 50% text - equal emphasis), Mobile_whitespace=Balanced",0.08,0.6956521739130435,0.9337613072658302,-0.0056749999999999995,0.8378571428571429,4
Desktop_UI,Mood=Relaxed,"Desktop_image_text_ratio=Image-focused (80% images, 20% text - highly ...",0.135,0.6923076923076923,1.2940330697340041,0.030674999999999994,1.5112499999999998,2
Global_UI,Mood=Relaxed,"Global_accent_color_pref=Blue (Trustworthy, professional, calm)",0.135,0.6923076923076923,1.1443102352193262,0.017025000000000012,1.28375,2
Mobile_UI,Persona=Researcher,"Mobile_info_density=Moderate (Balanced - some details visible, cl...",0.18,0.6923076923076923,1.0106681639528354,0.001899999999999985,1.0237499999999997,2
Desktop_UI,Mood=Relaxed,Desktop_persistent_filters=Yes (Always visible sidebar with filters),0.135,0.6923076923076923,0.923076923076923,-0.011249999999999982,0.8125,2
Mobile_UI,Mood=Stressed,"Mobile_price_display=Strike-through Original (Shows original price..., Mobile_whitespace=Balanced",0.1,0.6896551724137931,1.2539184952978055,0.020250000000000004,1.4500000000000002,3
Desktop_UI,"Device=Smartphone, Mood=Bored","Desktop_image_text_ratio=Image-focused (80% images, 20% text - highly ...",0.055,0.6875,1.2850467289719625,0.012199999999999996,1.488,3
Mobile_UI,"Device=Smartphone, Mood=Bored","Mobile_image_text_ratio=Balanced (50% images, 50% text - equal emphasis), Mobile_info_density=Moderate (Balanced - some details visible, cl...",0.055,0.6875,1.1088709677419355,0.005400000000000002,1.216,4
Mobile_UI,"Device=Smartphone, Mood=Bored","Mobile_info_density=Moderate (Balanced - some details visible, cl...",0.055,0.6875,1.0036496350364963,0.00019999999999999185,1.0079999999999998,3
Mobile_UI,"Device=Smartphone, Mood=Bored","Mobile_image_text_ratio=Balanced (50% images, 50% text - equal emphasis), Mobile_whitespace=Balanced",0.055,0.6875,0.9228187919463088,-0.0046,0.8160000000000001,4
Mobile_UI,"Device=Smartphone, Mood=Neutral, Persona=Researcher","Mobile_touch_size=Standard (Normal size, more content visible), Mobile_whitespace=Balanced",0.065,0.6842105263157895,1.4254385964912282,0.0194,1.6466666666666667,5
Mobile_UI,"Device=Smartphone, Mood=Neutral, Persona=Researcher","Mobile_touch_size=Standard (Normal size, more content visible)",0.065,0.6842105263157895,1.2328117591275485,0.012274999999999994,1.4091666666666667,4
Global_UI,"Device=Smartphone, Mood=Neutral, Persona=Researcher","Global_accent_color_pref=Blue (Trustworthy, professional, calm)",0.065,0.6842105263157895,1.1309264897781646,0.007525000000000004,1.2508333333333335,4
Mobile_UI,"Device=Smartphone, Mood=Neutral, Persona=Researcher",Mobile_price_display=Strike-through Original (Shows original price...,0.065,0.6842105263157895,1.0947368421052632,0.005625000000000005,1.1875,4
Mobile_UI,"Device=Smartphone, Persona=Researcher",Mobile_sticky_header=Yes (Header stays at top while scrolling),0.13,0.6842105263157895,1.0607915136678907,0.007449999999999998,1.1241666666666668,3
Mobile_UI,"Device=Smartphone, Mood=Neutral, Persona=Researcher",Mobile_sticky_header=Yes (Header stays at top while scrolling),0.065,0.6842105263157895,1.0607915136678907,0.003724999999999999,1.1241666666666668,4
Mobile_UI,"Device=Smartphone, Persona=Researcher","Mobile_info_density=Moderate (Balanced - some details visible, cl...",0.13,0.6842105263157895,0.9988474836726853,-0.00015000000000001124,0.9974999999999998,3
Desktop_UI,"Device=Smartphone, Persona=Researcher","Desktop_info_density=Moderate (Balanced - some details visible, cl...",0.13,0.6842105263157895,0.9437386569872959,-0.007749999999999979,0.8708333333333335,3
Mobile_UI,"Device=Smartphone, Persona=Deal Hunter","Mobile_info_density=Moderate (Balanced - some details visible, cl..., Mobile_price_display=Strike-through Original (Shows original price..., Mobile_sticky_header=Yes (Header stays at top while scrolling)",0.075,0.6818181818181818,2.3923444976076556,0.04365,2.247142857142857,5
Mobile_UI,"Device=Smartphone, Persona=Deal Hunter","Mobile_price_display=Strike-through Original (Shows original price..., Mobile_sticky_header=Yes (Header stays at top while scrolling), Mobile_whitespace=Balanced",0.075,0.6818181818181818,2.0053475935828873,0.037599999999999995,2.074285714285714,5
Mobile_UI,"Device=Smartphone, Persona=Deal Hunter","Mobile_image_text_ratio=Balanced (50% images, 50% text - equal emphasis), Mobile_info_density=Moderate (Balanced - some details visible, cl..., Mobile_sticky_header=Yes (Header stays at top while scrolling), Mobile_whitespace=Balanced",0.075,0.6818181818181818,1.8939393939393938,0.0354,2.011428571428571,6
Mobile_UI,"Device=Smartphone, Persona=Deal Hunter","Mobile_image_text_ratio=Balanced (50% images, 50% text - equal emphasis), Mobile_sticky_header=Yes (Header stays at top while scrolling), Mobile_whitespace=Balanced",0.075,0.6818181818181818,1.4662756598240467,0.023849999999999996,1.6814285714285708,5
Mobile_UI,Persona=Loyal Customer,"Mobile_info_density=Moderate (Balanced - some details visible, cl..., Mobile_whitespace=Balanced",0.075,0.6818181818181818,1.099706744868035,0.0068000000000000005,1.1942857142857142,3
Mobile_UI,Persona=Loyal Customer,"Mobile_image_text_ratio=Balanced (50% images, 50% text - equal emphasis), Mobile_info_density=Moderate (Balanced - some details visible, cl...",0.075,0.6818181818181818,1.099706744868035,0.0068000000000000005,1.1942857142857142,3
Mobile_UI,Persona=Loyal Customer,Mobile_sticky_header=Yes (Header stays at top while scrolling),0.075,0.6818181818181818,1.0570824524312896,0.004049999999999998,1.1157142857142854,2
Desktop_UI,Persona=Minimalist,"Desktop_info_density=Moderate (Balanced - some details visible, cl...",0.15,0.6818181818181818,0.9404388714733541,-0.009500000000000008,0.8642857142857142,2
Global_UI,Persona=Minimalist,Global_whitespace_pref=Balanced (Moderate spacing - comfortable midd...,0.15,0.6818181818181818,0.9276437847866419,-0.011700000000000016,0.8328571428571427,2
Mobile_UI,Device=Smartphone,"Mobile_info_density=Moderate (Balanced - some details visible, cl...",0.555,0.6809815950920246,0.9941337154628096,-0.003274999999999917,0.9874038461538462,2
Mobile_UI,"Device=Smartphone, Persona=Impulsive Buyer","Mobile_image_text_ratio=Balanced (50% images, 50% text - equal emphasis), Mobile_quick_view=Slide-Up Panel (Preview product details in a ...",0.085,0.68,1.5280898876404496,0.029375000000000005,1.734375,4
Mobile_UI,"Device=Smartphone, Persona=Impulsive Buyer","Mobile_quick_view=Slide-Up Panel (Preview product details in a ..., Mobile_whitespace=Balanced",0.085,0.68,1.4945054945054945,0.028125000000000004,1.703125,4
Global_UI,"Device=Smartphone, Persona=Impulsive Buyer",Global_hero_banner_size=Medium Split (Takes up half the screen),0.085,0.68,1.2710280373831775,0.018125000000000002,1.4531250000000002,3
Mobile_UI,"Device=Smartphone, Persona=Impulsive Buyer","Mobile_image_text_ratio=Balanced (50% images, 50% text - equal emphasis), Mobile_price_display=Strike-through Original (Shows original price...",0.085,0.68,1.2363636363636363,0.01625,1.40625,4
Mobile_UI,"Device=Smartphone, Persona=Impulsive Buyer","Mobile_image_text_ratio=Balanced (50% images, 50% text - equal emphasis), Mobile_info_density=Moderate (Balanced - some details visible, cl...",0.085,0.68,1.0967741935483872,0.007500000000000007,1.1875000000000002,4
Mobile_UI,"Device=Smartphone, Persona=Impulsive Buyer",Mobile_price_display=Strike-through Original (Shows original price...,0.085,0.68,1.088,0.006875000000000006,1.1718750000000002,3
Mobile_UI,Persona=Impulsive Buyer,"Mobile_image_text_ratio=Balanced (50% images, 50% text - equal emphasis), Mobile_quick_view=Slide-Up Panel (Preview product details in a ...",0.095,0.6785714285714285,1.524879614767255,0.03269999999999999,1.7266666666666661,3
Mobile_UI,Persona=Impulsive Buyer,"Mobile_quick_view=Slide-Up Panel (Preview product details in a ..., Mobile_whitespace=Balanced",0.095,0.6785714285714285,1.4913657770800626,0.031299999999999994,1.6955555555555548,3
Mobile_UI,Persona=Impulsive Buyer,"Mobile_image_text_ratio=Balanced (50% images, 50% text - equal emphasis), Mobile_price_display=Strike-through Original (Shows original price...",0.095,0.6785714285714285,1.2337662337662336,0.017999999999999988,1.3999999999999995,3
Mobile_UI,Persona=Impulsive Buyer,"Mobile_image_text_ratio=Balanced (50% images, 50% text - equal emphasis), Mobile_info_density=Moderate (Balanced - some details visible, cl...",0.095,0.6785714285714285,1.0944700460829493,0.008199999999999999,1.1822222222222218,3
Mobile_UI,Persona=Impulsive Buyer,Mobile_price_display=Strike-through Original (Shows original price...,0.095,0.6785714285714285,1.0857142857142856,0.007499999999999993,1.1666666666666663,2
Desktop_UI,Persona=Impulsive Buyer,Desktop_persistent_filters=Yes (Always visible sidebar with filters),0.095,0.6785714285714285,0.9047619047619047,-0.010000000000000009,0.7777777777777776,2
Mobile_UI,"Device=Smartphone, Mood=Neutral",Mobile_price_display=Strike-through Original (Shows original price...,0.21,0.6774193548387096,1.0838709677419354,0.016249999999999987,1.1624999999999999,3
Desktop_UI,"Device=Smartphone, Mood=Relaxed","Desktop_image_text_ratio=Image-focused (80% images, 20% text - highly ...",0.115,0.676470588235294,1.2644310060472785,0.024049999999999988,1.4372727272727268,3
Mobile_UI,"Device=Smartphone, Mood=Relaxed","Mobile_info_density=Moderate (Balanced - some details visible, cl..., Mobile_whitespace=Balanced",0.115,0.676470588235294,1.0910815939278937,0.009599999999999997,1.1745454545454543,4
Mobile_UI,"Device=Smartphone, Mood=Relaxed","Mobile_info_density=Moderate (Balanced - some details visible, cl...",0.115,0.676470588235294,0.9875483039931299,-0.0014500000000000068,0.9736363636363633,3
Global_UI,"Device=Smartphone, Mood=Relaxed",Global_whitespace_pref=Balanced (Moderate spacing - comfortable midd...,0.115,0.676470588235294,0.9203681472589035,-0.00995,0.819090909090909,3
Mobile_UI,Device=Laptop/Desktop,Mobile_review_display=Collapsible Sections (Reviews can be expanded...,0.125,0.6756756756756757,1.2748597654258031,0.02695,1.4491666666666665,2
Global_UI,Device=Laptop/Desktop,"Global_accent_color_pref=Blue (Trustworthy, professional, calm)",0.125,0.6756756756756757,1.1168192986374805,0.013075000000000003,1.2179166666666668,2
Mobile_UI,Device=Laptop/Desktop,"Mobile_image_text_ratio=Balanced (50% images, 50% text - equal emphasis), Mobile_info_density=Moderate (Balanced - some details visible, cl...",0.125,0.6756756756756757,1.0897994768962511,0.010300000000000004,1.1716666666666666,3
Mobile_UI,Mood=Neutral,"Mobile_info_density=Moderate (Balanced - some details visible, cl...",0.26,0.6753246753246753,0.9858754384301829,-0.003725000000000034,0.9701999999999998,2
Mobile_UI,Persona=Researcher,"Mobile_info_density=Moderate (Balanced - some details visible, cl..., Mobile_whitespace=Balanced",0.175,0.673076923076923,1.08560794044665,0.013799999999999979,1.1623529411764704,3
Mobile_UI,Persona=Deal Hunter,"Mobile_info_density=Moderate (Balanced - some details visible, cl..., Mobile_price_display=Strike-through Original (Shows original price..., Mobile_sticky_header=Yes (Header stays at top while scrolling)",0.08,0.6666666666666667,2.339181286549708,0.04580000000000001,2.145000000000001,4
Mobile_UI,Persona=Deal Hunter,"Mobile_price_display=Strike-through Original (Shows original price..., Mobile_sticky_header=Yes (Header stays at top while scrolling), Mobile_whitespace=Balanced",0.08,0.6666666666666667,1.9607843137254903,0.0392,1.9800000000000002,4
Mobile_UI,Persona=Deal Hunter,"Mobile_image_text_ratio=Balanced (50% images, 50% text - equal emphasis), Mobile_info_density=Moderate (Balanced - some details visible, cl..., Mobile_sticky_header=Yes (Header stays at top while scrolling), Mobile_whitespace=Balanced",0.08,0.6666666666666667,1.851851851851852,0.036800000000000006,1.9200000000000004,5
Mobile_UI,"Device=Laptop/Desktop, Mood=Neutral","Mobile_image_text_ratio=Balanced (50% images, 50% text - equal emphasis), Mobile_navigation=Bottom Nav (Navigation bar at the bottom - mo..., Mobile_whitespace=Balanced",0.05,0.6666666666666667,1.7316017316017318,0.021125000000000005,1.8450000000000004,5
Mobile_UI,"Device=Laptop/Desktop, Mood=Neutral","Mobile_image_text_ratio=Balanced (50% images, 50% text - equal emphasis), Mobile_touch_size=Standard (Normal size, more content visible), Mobile_whitespace=Balanced",0.05,0.6666666666666667,1.6064257028112452,0.018875000000000006,1.7550000000000003,5
Desktop_UI,"Device=Laptop/Desktop, Mood=Neutral","Desktop_persistent_filters=Yes (Always visible sidebar with filters), Desktop_whitespace=Balanced",0.05,0.6666666666666667,1.550387596899225,0.017750000000000002,1.7100000000000006,4
Mobile_UI,"Device=Laptop/Desktop, Mood=Neutral","Mobile_image_text_ratio=Balanced (50% images, 50% text - equal emphasis), Mobile_navigation=Bottom Nav (Navigation bar at the bottom - mo...",0.05,0.6666666666666667,1.550387596899225,0.017750000000000002,1.7100000000000006,4
Mobile_UI,"Device=Laptop/Desktop, Mood=Neutral","Mobile_navigation=Bottom Nav (Navigation bar at the bottom - mo..., Mobile_whitespace=Balanced",0.05,0.6666666666666667,1.5325670498084294,0.017375,1.6950000000000003,4
Mobile_UI,"Device=Laptop/Desktop, Mood=Neutral","Mobile_review_display=Collapsible Sections (Reviews can be expanded..., Mobile_whitespace=Balanced",0.05,0.6666666666666667,1.4814814814814816,0.01625,1.6500000000000006,4
Mobile_UI,"Device=Laptop/Desktop, Mood=Neutral","Mobile_image_text_ratio=Balanced (50% images, 50% text - equal emphasis), Mobile_touch_size=Standard (Normal size, more content visible)",0.05,0.6666666666666667,1.4814814814814816,0.01625,1.6500000000000006,4
Mobile_UI,"Device=Laptop/Desktop, Mood=Neutral","Mobile_touch_size=Standard (Normal size, more content visible), Mobile_whitespace=Balanced",0.05,0.6666666666666667,1.388888888888889,0.014000000000000005,1.5600000000000005,4
Mobile_UI,"Device=Laptop/Desktop, Mood=Neutral",Mobile_navigation=Bottom Nav (Navigation bar at the bottom - mo...,0.05,0.6666666666666667,1.3333333333333335,0.012500000000000004,1.5000000000000004,3
Mobile_UI,"Device=Laptop/Desktop, Mood=Neutral",Mobile_review_display=Collapsible Sections (Reviews can be expanded...,0.05,0.6666666666666667,1.257861635220126,0.010250000000000002,1.4100000000000001,3
Desktop_UI,Persona=Deal Hunter,Desktop_whitespace=Balanced,0.08,0.6666666666666667,1.169590643274854,0.011600000000000013,1.2900000000000005,2
Global_UI,"Device=Laptop/Desktop, Mood=Neutral","Global_accent_color_pref=Blue (Trustworthy, professional, calm)",0.05,0.6666666666666667,1.1019283746556476,0.004625000000000004,1.1850000000000003,3
Mobile_UI,"Mood=Neutral, Persona=Researcher",Mobile_price_display=Strike-through Original (Shows original price...,0.08,0.6666666666666667,1.0666666666666669,0.0050000000000000044,1.1250000000000002,3
Global_UI,Persona=Browser,Global_whitespace_pref=Balanced (Moderate spacing - comfortable midd...,0.1,0.6666666666666667,0.90702947845805,-0.010249999999999995,0.7950000000000003,2
Mobile_UI,"Mood=Neutral, Persona=Researcher","Mobile_image_text_ratio=Balanced (50% images, 50% text - equal emphasis), Mobile_whitespace=Balanced",0.08,0.6666666666666667,0.894854586129754,-0.009399999999999992,0.7650000000000002,4
Mobile_UI,"Mood=Neutral, Persona=Researcher","Mobile_image_text_ratio=Balanced (50% images, 50% text - equal emphasis)",0.08,0.6666666666666667,0.8032128514056226,-0.019599999999999992,0.5100000000000002,3
Desktop_UI,"Device=Smartphone, Persona=Loyal Customer",Desktop_review_display=Recent 3- 5 (Show a few recent reviews),0.06,0.6666666666666666,1.7094017094017093,0.0249,1.8299999999999998,3
Desktop_UI,"Mood=Neutral, Persona=Minimalist","Desktop_image_text_ratio=Balanced (50% images, 50% text - equal emphasis)",0.06,0.6666666666666666,1.7094017094017093,0.0249,1.8299999999999998,3
Global_UI,Mood=Bored,"Global_button_style_pref=Rounded Corners (Soft, modern rounded edges)",0.06,0.6666666666666666,1.606425702811245,0.022650000000000003,1.7549999999999997,2
Desktop_UI,"Device=Smartphone, Persona=Loyal Customer",Desktop_quick_view=Sidebar Slide (Details slide in from the right),0.06,0.6666666666666666,1.3888888888888888,0.016800000000000002,1.5599999999999998,3
Mobile_UI,Mood=Bored,Mobile_review_display=Collapsible Sections (Reviews can be expanded...,0.06,0.6666666666666666,1.2578616352201257,0.012299999999999998,1.4099999999999997,2
Desktop_UI,Mood=Bored,"Desktop_image_text_ratio=Image-focused (80% images, 20% text - highly ...",0.06,0.6666666666666666,1.2461059190031152,0.01185,1.3949999999999998,2
Mobile_UI,"Device=Smartphone, Persona=Loyal Customer","Mobile_image_text_ratio=Balanced (50% images, 50% text - equal emphasis), Mobile_info_density=Moderate (Balanced - some details visible, cl..., Mobile_whitespace=Balanced",0.06,0.6666666666666666,1.1904761904761902,0.009599999999999997,1.3199999999999996,5
Mobile_UI,Mood=Bored,Mobile_filter_location=Drawer Overlay (Slides in from the side when ...,0.06,0.6666666666666666,1.1494252873563218,0.007800000000000001,1.26,2
Mobile_UI,"Mood=Neutral, Persona=Minimalist","Mobile_image_text_ratio=Balanced (50% images, 50% text - equal emphasis), Mobile_info_density=Moderate (Balanced - some details visible, cl...",0.06,0.6666666666666666,1.075268817204301,0.004200000000000002,1.14,4
Mobile_UI,"Mood=Neutral, Persona=Minimalist","Mobile_info_density=Moderate (Balanced - some details visible, cl..., Mobile_whitespace=Balanced",0.06,0.6666666666666666,1.075268817204301,0.004200000000000002,1.14,4
Mobile_UI,"Device=Smartphone, Persona=Loyal Customer",Mobile_price_display=Strike-through Original (Shows original price...,0.06,0.6666666666666666,1.0666666666666667,0.0037500000000000033,1.1249999999999998,3
Mobile_UI,"Device=Smartphone, Persona=Loyal Customer",Mobile_sticky_header=Yes (Header stays at top while scrolling),0.06,0.6666666666666666,1.0335917312661498,0.0019500000000000003,1.0649999999999997,3
Mobile_UI,Mood=Bored,Mobile_sticky_header=Yes (Header stays at top while scrolling),0.06,0.6666666666666666,1.0335917312661498,0.0019500000000000003,1.0649999999999997,2
Mobile_UI,Mood=Bored,"Mobile_image_text_ratio=Balanced (50% images, 50% text - equal emphasis), Mobile_whitespace=Balanced",0.06,0.6666666666666666,0.8948545861297539,-0.007050000000000001,0.7649999999999999,3
Desktop_UI,"Device=Smartphone, Persona=Minimalist",Desktop_persistent_filters=Yes (Always visible sidebar with filters),0.11,0.6666666666666666,0.8888888888888888,-0.013749999999999998,0.7499999999999999,3
Global_UI,Mood=Neutral,"Global_accent_color_pref=Blue (Trustworthy, professional, calm)",0.255,0.6623376623376623,1.0947729955994419,0.02207500000000001,1.1698076923076923,2
Global_UI,"Device=Smartphone, Mood=Neutral","Global_accent_color_pref=Blue (Trustworthy, professional, calm)",0.205,0.6612903225806451,1.0930418555051986,0.017449999999999993,1.1661904761904762,3
Mobile_UI,"Device=Smartphone, Mood=Neutral","Mobile_info_density=Moderate (Balanced - some details visible, cl...",0.205,0.6612903225806451,0.9653873322345183,-0.007350000000000023,0.9299999999999997,3
Desktop_UI,Persona=Minimalist,Desktop_whitespace=Balanced,0.145,0.6590909090909091,1.1562998405103668,0.019600000000000006,1.2613333333333334,2
Global_UI,Persona=Minimalist,"Global_accent_color_pref=Blue (Trustworthy, professional, calm)",0.145,0.6590909090909091,1.0894064613072878,0.011899999999999994,1.1586666666666665,2
Mobile_UI,"Device=Smartphone, Persona=Researcher","Mobile_info_density=Moderate (Balanced - some details visible, cl..., Mobile_whitespace=Balanced",0.125,0.6578947368421053,1.0611205432937183,0.007199999999999998,1.110769230769231,4
Global_UI,Mood=Stressed,Global_whitespace_pref=Balanced (Moderate spacing - comfortable midd...,0.095,0.6551724137931035,0.8913910391742905,-0.011574999999999988,0.7685000000000002,2
Mobile_UI,Persona=Researcher,Mobile_sticky_header=Yes (Header stays at top while scrolling),0.17,0.6538461538461539,1.0137149672033392,0.0022999999999999965,1.0255555555555556,2
Desktop_UI,"Device=Smartphone, Mood=Stressed","Desktop_search_visibility=Always Visible Top (Large, prominent search b...",0.075,0.6521739130434782,1.5166835187057632,0.025549999999999996,1.6387499999999997,3
Mobile_UI,"Device=Smartphone, Mood=Stressed",Mobile_sticky_header=Yes (Header stays at top while scrolling),0.075,0.6521739130434782,1.011122345803842,0.0008249999999999924,1.0206249999999997,3
Global_UI,"Device=Smartphone, Mood=Stressed",Global_whitespace_pref=Balanced (Moderate spacing - comfortable midd...,0.075,0.6521739130434782,0.8873114463176573,-0.009525000000000006,0.7618749999999999,3
Mobile_UI,Device=Laptop/Desktop,"Mobile_touch_size=Standard (Normal size, more content visible)",0.12,0.6486486486486487,1.168736303871439,0.017324999999999993,1.2665384615384616,2
Desktop_UI,Device=Laptop/Desktop,Desktop_whitespace=Balanced,0.12,0.6486486486486487,1.1379800853485065,0.014550000000000007,1.223846153846154,2
Mobile_UI,Device=Laptop/Desktop,"Mobile_info_density=Moderate (Balanced - some details visible, cl..., Mobile_whitespace=Balanced",0.12,0.6486486486486487,1.046207497820401,0.005299999999999999,1.0815384615384616,3
Mobile_UI,Device=Laptop/Desktop,Mobile_sticky_header=Yes (Header stays at top while scrolling),0.12,0.6486486486486487,1.005656819610308,0.000674999999999995,1.0103846153846154,2
Desktop_UI,Mood=Happy,"Desktop_persistent_filters=Yes (Always visible sidebar with filters), Desktop_search_visibility=Collapsible (Search bar that expands when cli...",0.055,0.6470588235294117,2.1934197407776668,0.029925,1.9974999999999998,3
Mobile_UI,Mood=Happy,Mobile_search_visibility=Collapsible (Search bar that expands when cli...,0.055,0.6470588235294117,1.6381236038719282,0.021425,1.7141666666666662,2
Mobile_UI,Mood=Happy,"Mobile_image_text_ratio=Balanced (50% images, 50% text - equal emphasis), Mobile_sticky_header=Yes (Header stays at top while scrolling), Mobile_whitespace=Balanced",0.055,0.6470588235294117,1.3915243516761542,0.015474999999999996,1.5158333333333327,4
Mobile_UI,Mood=Happy,"Mobile_filter_location=Drawer Overlay (Slides in from the side when ..., Mobile_image_text_ratio=Balanced (50% images, 50% text - equal emphasis)",0.055,0.6470588235294117,1.3205282112845136,0.01335,1.4449999999999996,3
Mobile_UI,Mood=Happy,"Mobile_image_text_ratio=Balanced (50% images, 50% text - equal emphasis), Mobile_price_display=Strike-through Original (Shows original price...",0.055,0.6470588235294117,1.176470588235294,0.008249999999999993,1.2749999999999997,3
Mobile_UI,"Device=Smartphone, Mood=Relaxed","Mobile_touch_size=Standard (Normal size, more content visible)",0.11,0.6470588235294117,1.165871754107048,0.015649999999999983,1.2608333333333328,3
Mobile_UI,Mood=Happy,"Mobile_image_text_ratio=Balanced (50% images, 50% text - equal emphasis), Mobile_info_density=Moderate (Balanced - some details visible, cl..., Mobile_whitespace=Balanced",0.055,0.6470588235294117,1.1554621848739492,0.00739999999999999,1.2466666666666661,4
Global_UI,"Device=Smartphone, Mood=Relaxed","Global_accent_color_pref=Blue (Trustworthy, professional, calm)",0.11,0.6470588235294117,1.06951871657754,0.00714999999999999,1.1191666666666664,3
Mobile_UI,Mood=Happy,"Mobile_info_density=Moderate (Balanced - some details visible, cl..., Mobile_whitespace=Balanced",0.055,0.6470588235294117,1.0436432637571156,0.0022999999999999965,1.0766666666666664,3
Mobile_UI,Mood=Happy,Mobile_price_display=Strike-through Original (Shows original price...,0.055,0.6470588235294117,1.0352941176470587,0.0018749999999999947,1.0624999999999998,2
Mobile_UI,Device=Smartphone,Mobile_sticky_header=Yes (Header stays at top while scrolling),0.525,0.6441717791411044,0.998715936652875,-0.0006749999999999812,0.9976724137931036,2
Mobile_UI,Persona=Impulsive Buyer,"Mobile_image_text_ratio=Balanced (50% images, 50% text - equal emphasis), Mobile_quick_view=Slide-Up Panel (Preview product details in a ..., Mobile_whitespace=Balanced",0.09,0.6428571428571428,1.587301587301587,0.03329999999999999,1.6659999999999997,4
Mobile_UI,Persona=Impulsive Buyer,Mobile_filter_location=Drawer Overlay (Slides in from the side when ...,0.09,0.6428571428571428,1.108374384236453,0.008799999999999988,1.176,2
Mobile_UI,Persona=Impulsive Buyer,"Mobile_info_density=Moderate (Balanced - some details visible, cl..., Mobile_whitespace=Balanced",0.09,0.6428571428571428,1.0368663594470044,0.0031999999999999945,1.0639999999999998,3
Mobile_UI,Persona=Impulsive Buyer,Mobile_sticky_header=Yes (Header stays at top while scrolling),0.09,0.6428571428571428,0.9966777408637872,-0.0003000000000000086,0.9939999999999998,2
Mobile_UI,Mood=Relaxed,"Mobile_filter_location=Drawer Overlay (Slides in from the side when ..., Mobile_whitespace=Balanced",0.125,0.641025641025641,1.2693577050012692,0.026524999999999993,1.3789285714285713,3
Mobile_UI,Mood=Relaxed,"Mobile_touch_size=Standard (Normal size, more content visible)",0.125,0.641025641025641,1.1550011550011547,0.016774999999999984,1.2396428571428568,2
Mobile_UI,Mood=Relaxed,"Mobile_info_density=Moderate (Balanced - some details visible, cl..., Mobile_whitespace=Balanced",0.125,0.641025641025641,1.0339123242349049,0.0040999999999999925,1.0585714285714285,3
Mobile_UI,Mood=Relaxed,"Mobile_info_density=Moderate (Balanced - some details visible, cl...",0.125,0.641025641025641,0.9358038555118846,-0.008575000000000027,0.8774999999999997,2
Mobile_UI,"Device=Smartphone, Persona=Impulsive Buyer","Mobile_image_text_ratio=Balanced (50% images, 50% text - equal emphasis), Mobile_quick_view=Slide-Up Panel (Preview product details in a ..., Mobile_whitespace=Balanced",0.08,0.64,1.5802469135802468,0.029375,1.6527777777777777,5
Mobile_UI,"Device=Smartphone, Persona=Impulsive Buyer","Mobile_info_density=Moderate (Balanced - some details visible, cl..., Mobile_whitespace=Balanced",0.08,0.64,1.032258064516129,0.0025000000000000022,1.0555555555555556,4
Mobile_UI,"Device=Smartphone, Persona=Impulsive Buyer",Mobile_sticky_header=Yes (Header stays at top while scrolling),0.08,0.64,0.9922480620155039,-0.0006250000000000006,0.986111111111111,3
Desktop_UI,"Device=Smartphone, Persona=Impulsive Buyer",Desktop_persistent_filters=Yes (Always visible sidebar with filters),0.08,0.64,0.8533333333333334,-0.013749999999999998,0.6944444444444444,3
Mobile_UI,"Device=Smartphone, Persona=Deal Hunter","Mobile_info_density=Moderate (Balanced - some details visible, cl..., Mobile_price_display=Strike-through Original (Shows original price..., Mobile_sticky_header=Yes (Header stays at top while scrolling), Mobile_whitespace=Balanced",0.07,0.6363636363636365,2.545454545454546,0.04250000000000001,2.0625000000000004,6
Mobile_UI,"Device=Smartphone, Persona=Deal Hunter","Mobile_image_text_ratio=Balanced (50% images, 50% text - equal emphasis), Mobile_info_density=Moderate (Balanced - some details visible, cl..., Mobile_price_display=Strike-through Original (Shows original price..., Mobile_sticky_header=Yes (Header stays at top while scrolling)",0.07,0.6363636363636365,2.545454545454546,0.04250000000000001,2.0625000000000004,6
Mobile_UI,"Device=Smartphone, Persona=Deal Hunter","Mobile_image_text_ratio=Balanced (50% images, 50% text - equal emphasis), Mobile_price_display=Strike-through Original (Shows original price..., Mobile_sticky_header=Yes (Header stays at top while scrolling)",0.07,0.6363636363636365,1.899592944369064,0.033150000000000006,1.8287500000000005,5
Mobile_UI,"Device=Smartphone, Persona=Deal Hunter","Mobile_touch_size=Large (Easier to tap, less content visible)",0.07,0.6363636363636365,1.4799154334038058,0.022700000000000005,1.5675000000000006,3
Mobile_UI,Persona=Loyal Customer,"Mobile_image_text_ratio=Balanced (50% images, 50% text - equal emphasis), Mobile_info_density=Moderate (Balanced - some details visible, cl..., Mobile_whitespace=Balanced",0.07,0.6363636363636365,1.1363636363636365,0.008399999999999998,1.2100000000000002,4
Desktop_UI,"Device=Smartphone, Persona=Deal Hunter",Desktop_whitespace=Balanced,0.07,0.6363636363636365,1.116427432216906,0.007300000000000015,1.1825000000000006,3
Mobile_UI,Persona=Loyal Customer,Mobile_price_display=Strike-through Original (Shows original price...,0.07,0.6363636363636365,1.0181818181818183,0.0012500000000000011,1.0312500000000002,2
Mobile_UI,Persona=Minimalist,"Mobile_info_density=Moderate (Balanced - some details visible, cl...",0.14,0.6363636363636365,0.9289980092899802,-0.010699999999999987,0.8662500000000001,2
Desktop_UI,"Device=Smartphone, Persona=Minimalist",Desktop_whitespace=Balanced,0.105,0.6363636363636364,1.1164274322169059,0.010950000000000001,1.1825,3
Global_UI,"Device=Smartphone, Persona=Minimalist","Global_accent_color_pref=Blue (Trustworthy, professional, calm)",0.105,0.6363636363636364,1.051840721262209,0.005174999999999999,1.08625,3
Mobile_UI,Mood=Neutral,Mobile_price_display=Strike-through Original (Shows original price...,0.245,0.6363636363636364,1.018181818181818,0.00437499999999999,1.03125,2
Desktop_UI,"Device=Smartphone, Persona=Minimalist","Desktop_info_density=Moderate (Balanced - some details visible, cl...",0.105,0.6363636363636364,0.877742946708464,-0.014624999999999999,0.7562500000000001,3
Mobile_UI,Persona=Researcher,"Mobile_touch_size=Standard (Normal size, more content visible)",0.165,0.6346153846153846,1.1434511434511432,0.020699999999999996,1.217894736842105,2
Global_UI,Persona=Browser,Global_recommendation_type=Deals (Products on sale or special offers),0.095,0.6333333333333334,1.347517730496454,0.024500000000000008,1.4454545454545458,2
Mobile_UI,Persona=Browser,Mobile_review_display=Collapsible Sections (Reviews can be expanded...,0.095,0.6333333333333334,1.1949685534591197,0.0155,1.281818181818182,2
Desktop_UI,Persona=Browser,"Desktop_info_density=Moderate (Balanced - some details visible, cl...",0.095,0.6333333333333334,0.8735632183908048,-0.013749999999999998,0.7500000000000002,2
Mobile_UI,Device=Smartphone,Mobile_price_display=Strike-through Original (Shows original price...,0.515,0.6319018404907976,1.011042944785276,0.005625000000000102,1.01875,2
Desktop_UI,"Device=Smartphone, Mood=Neutral, Persona=Researcher",Desktop_filter_location=Sidebar Left (Permanent filter panel on the l...,0.06,0.631578947368421,1.3880855986119143,0.016774999999999998,1.4792857142857139,4
Mobile_UI,"Device=Smartphone, Mood=Neutral, Persona=Researcher","Mobile_sticky_header=Yes (Header stays at top while scrolling), Mobile_whitespace=Balanced",0.06,0.631578947368421,1.1805213969503197,0.009174999999999996,1.262142857142857,5
Mobile_UI,"Device=Smartphone, Mood=Neutral, Persona=Researcher","Mobile_price_display=Strike-through Original (Shows original price..., Mobile_whitespace=Balanced",0.06,0.631578947368421,1.1483253588516744,0.007749999999999993,1.221428571428571,5
Mobile_UI,"Device=Smartphone, Persona=Researcher","Mobile_touch_size=Standard (Normal size, more content visible)",0.12,0.631578947368421,1.1379800853485063,0.01454999999999998,1.2078571428571425,3
Mobile_UI,"Device=Smartphone, Mood=Neutral, Persona=Researcher","Mobile_image_text_ratio=Balanced (50% images, 50% text - equal emphasis), Mobile_whitespace=Balanced",0.06,0.631578947368421,0.847756976333451,-0.010775000000000007,0.6921428571428571,5
Mobile_UI,"Device=Smartphone, Mood=Neutral, Persona=Researcher","Mobile_image_text_ratio=Balanced (50% images, 50% text - equal emphasis)",0.06,0.631578947368421,0.7609384908053266,-0.018850000000000006,0.46142857142857147,4
Global_UI,"Device=Smartphone, Persona=Browser",Global_checkout_style=One Page (All checkout steps on a single scro...,0.085,0.6296296296296297,1.6354016354016354,0.033025,1.6605,3
Mobile_UI,"Device=Smartphone, Persona=Browser",Mobile_review_display=Collapsible Sections (Reviews can be expanded...,0.085,0.6296296296296297,1.187980433263452,0.013450000000000004,1.269,3
Desktop_UI,"Device=Smartphone, Persona=Browser","Desktop_info_density=Moderate (Balanced - some details visible, cl...",0.085,0.6296296296296297,0.8684546615581099,-0.012874999999999998,0.7425,3
Global_UI,"Device=Smartphone, Persona=Browser",Global_whitespace_pref=Balanced (Moderate spacing - comfortable midd...,0.085,0.6296296296296297,0.8566389518770472,-0.014225000000000002,0.7155,3
Mobile_UI,"Device=Smartphone, Mood=Neutral",Mobile_sticky_header=Yes (Header stays at top while scrolling),0.195,0.6290322580645161,0.9752438109527382,-0.00495000000000001,0.9569565217391304,3
Mobile_UI,Persona=Deal Hunter,"Mobile_info_density=Moderate (Balanced - some details visible, cl..., Mobile_price_display=Strike-through Original (Shows original price..., Mobile_sticky_header=Yes (Header stays at top while scrolling), Mobile_whitespace=Balanced",0.075,0.625,2.5,0.045,2.0,5
Mobile_UI,Persona=Deal Hunter,"Mobile_image_text_ratio=Balanced (50% images, 50% text - equal emphasis), Mobile_info_density=Moderate (Balanced - some details visible, cl..., Mobile_price_display=Strike-through Original (Shows original price..., Mobile_sticky_header=Yes (Header stays at top while scrolling)",0.075,0.625,2.5,0.045,2.0,5
Mobile_UI,Persona=Deal Hunter,"Mobile_image_text_ratio=Balanced (50% images, 50% text - equal emphasis), Mobile_price_display=Strike-through Original (Shows original price..., Mobile_sticky_header=Yes (Header stays at top while scrolling)",0.075,0.625,1.8656716417910446,0.0348,1.7733333333333334,4
Mobile_UI,"Device=Smartphone, Mood=Bored","Mobile_category_display=Dropdown Menu (Text-based dropdown list), Mobile_image_text_ratio=Balanced (50% images, 50% text - equal emphasis)",0.05,0.625,1.7123287671232876,0.020800000000000003,1.6933333333333334,4
Mobile_UI,"Device=Smartphone, Mood=Bored","Mobile_category_display=Dropdown Menu (Text-based dropdown list), Mobile_whitespace=Balanced",0.05,0.625,1.7123287671232876,0.020800000000000003,1.6933333333333334,4
Global_UI,"Device=Smartphone, Mood=Bored","Global_button_style_pref=Rounded Corners (Soft, modern rounded edges)",0.05,0.625,1.5060240963855422,0.016800000000000002,1.5599999999999998,3
Global_UI,Persona=Deal Hunter,Global_recommendation_type=Deals (Products on sale or special offers),0.075,0.625,1.3297872340425532,0.018600000000000005,1.4133333333333333,2
Mobile_UI,"Mood=Neutral, Persona=Researcher","Mobile_touch_size=Standard (Normal size, more content visible), Mobile_whitespace=Balanced",0.075,0.625,1.3020833333333335,0.0174,1.3866666666666667,4
Mobile_UI,"Device=Smartphone, Mood=Bored",Mobile_review_display=Collapsible Sections (Reviews can be expanded...,0.05,0.625,1.1792452830188678,0.007600000000000003,1.2533333333333332,3
Mobile_UI,"Mood=Neutral, Persona=Researcher","Mobile_price_display=Strike-through Original (Shows original price..., Mobile_whitespace=Balanced",0.075,0.625,1.1363636363636362,0.008999999999999994,1.2,4
Mobile_UI,"Mood=Neutral, Persona=Researcher","Mobile_touch_size=Standard (Normal size, more content visible)",0.075,0.625,1.126126126126126,0.00839999999999999,1.1866666666666665,3
Mobile_UI,"Device=Smartphone, Mood=Bored",Mobile_filter_location=Drawer Overlay (Slides in from the side when ...,0.05,0.625,1.0775862068965518,0.003600000000000006,1.12,3
Mobile_UI,"Mood=Neutral, Persona=Researcher","Mobile_info_density=Moderate (Balanced - some details visible, cl..., Mobile_whitespace=Balanced",0.075,0.625,1.0080645161290323,0.0006000000000000033,1.0133333333333334,4
Mobile_UI,"Device=Smartphone, Mood=Bored",Mobile_price_display=Strike-through Original (Shows original price...,0.05,0.625,1.0,0.0,1.0,3
Mobile_UI,"Device=Smartphone, Mood=Bored",Mobile_sticky_header=Yes (Header stays at top while scrolling),0.05,0.625,0.9689922480620154,-0.0015999999999999973,0.9466666666666667,3
Mobile_UI,"Mood=Neutral, Persona=Researcher","Mobile_info_density=Moderate (Balanced - some details visible, cl...",0.075,0.625,0.9124087591240875,-0.007200000000000012,0.8399999999999999,3
Desktop_UI,"Mood=Neutral, Persona=Researcher","Desktop_info_density=Moderate (Balanced - some details visible, cl...",0.075,0.625,0.8620689655172414,-0.011999999999999997,0.7333333333333334,3
Mobile_UI,Device=Laptop/Desktop,"Mobile_image_text_ratio=Balanced (50% images, 50% text - equal emphasis), Mobile_info_density=Moderate (Balanced - some details visible, cl..., Mobile_whitespace=Balanced",0.115,0.6216216216216216,1.11003861003861,0.011399999999999993,1.1628571428571426,4
Desktop_UI,Mood=Stressed,"Desktop_search_visibility=Always Visible Top (Large, prominent search b...",0.09,0.6206896551724138,1.4434643143544508,0.02765,1.502727272727273,2
Mobile_UI,Mood=Stressed,"Mobile_image_text_ratio=Balanced (50% images, 50% text - equal emphasis), Mobile_price_display=Strike-through Original (Shows original price..., Mobile_whitespace=Balanced",0.09,0.6206896551724138,1.2667135819845181,0.01895000000000001,1.3445454545454547,4
Desktop_UI,Mood=Stressed,"Desktop_info_density=Moderate (Balanced - some details visible, cl..., Desktop_persistent_filters=Yes (Always visible sidebar with filters)",0.09,0.6206896551724138,1.1388801012337868,0.010974999999999999,1.1995454545454545,3
Mobile_UI,Mood=Stressed,Mobile_sticky_header=Yes (Header stays at top while scrolling),0.09,0.6206896551724138,0.9623095429029671,-0.0035250000000000004,0.9359090909090909,2
Mobile_UI,Mood=Stressed,"Mobile_info_density=Moderate (Balanced - some details visible, cl...",0.09,0.6206896551724138,0.9061162849232318,-0.009325,0.8304545454545453,2
Mobile_UI,"Device=Smartphone, Mood=Relaxed","Mobile_filter_location=Drawer Overlay (Slides in from the side when ..., Mobile_whitespace=Balanced",0.105,0.6176470588235293,1.22306348281887,0.019149999999999986,1.2946153846153843,4
Mobile_UI,Persona=Researcher,"Mobile_touch_size=Standard (Normal size, more content visible), Mobile_whitespace=Balanced",0.16,0.6153846153846154,1.2820512820512822,0.03520000000000001,1.352,3
Global_UI,Persona=Researcher,"Global_accent_color_pref=Blue (Trustworthy, professional, calm)",0.16,0.6153846153846154,1.0171646535282899,0.002700000000000008,1.0270000000000001,2
Mobile_UI,Persona=Minimalist,Mobile_sticky_header=Yes (Header stays at top while scrolling),0.135,0.6136363636363636,0.9513742071881607,-0.0068999999999999895,0.9188235294117647,2
Mobile_UI,Device=Smartphone,"Mobile_info_density=Moderate (Balanced - some details visible, cl..., Mobile_whitespace=Balanced",0.5,0.6134969325153374,0.9895111814763508,-0.005299999999999971,0.9831746031746033,3
Global_UI,"Mood=Neutral, Persona=Minimalist",Global_social_proof_display=Customer Reviews (Written reviews with ratings),0.055,0.6111111111111112,1.697530864197531,0.022600000000000002,1.645714285714286,3
Mobile_UI,Mood=Bored,"Mobile_category_display=Dropdown Menu (Text-based dropdown list), Mobile_image_text_ratio=Balanced (50% images, 50% text - equal emphasis)",0.055,0.6111111111111112,1.6742770167427703,0.022150000000000003,1.632857142857143,3
Global_UI,Mood=Bored,"Global_hero_banner_size=Medium Split (Takes up half the screen), Global_whitespace_pref=Balanced (Moderate spacing - comfortable midd...",0.055,0.6111111111111112,1.566951566951567,0.0199,1.5685714285714287,3
Desktop_UI,"Mood=Neutral, Persona=Minimalist","Desktop_persistent_filters=Yes (Always visible sidebar with filters), Desktop_whitespace=Balanced",0.055,0.6111111111111112,1.4211886304909562,0.016300000000000002,1.465714285714286,4
Mobile_UI,"Device=Smartphone, Persona=Loyal Customer","Mobile_image_text_ratio=Balanced (50% images, 50% text - equal emphasis), Mobile_quick_view=Slide-Up Panel (Preview product details in a ...",0.055,0.6111111111111112,1.373283395755306,0.014949999999999998,1.4271428571428573,4
Global_UI,"Mood=Neutral, Persona=Minimalist","Global_accent_color_pref=Blue (Trustworthy, professional, calm), Global_whitespace_pref=Balanced (Moderate spacing - comfortable midd...",0.055,0.6111111111111112,1.3431013431013432,0.01405,1.4014285714285715,4
Mobile_UI,"Device=Smartphone, Persona=Loyal Customer",Mobile_grid_pref=Compact stacked cards (more products per screen),0.055,0.6111111111111112,1.3002364066193854,0.012700000000000003,1.362857142857143,3
Desktop_UI,"Mood=Neutral, Persona=Minimalist",Desktop_quick_view=Sidebar Slide (Details slide in from the right),0.055,0.6111111111111112,1.2731481481481484,0.011800000000000005,1.3371428571428574,3
Mobile_UI,"Mood=Neutral, Persona=Minimalist",Mobile_navigation=Bottom Nav (Navigation bar at the bottom - mo...,0.055,0.6111111111111112,1.2222222222222223,0.010000000000000002,1.2857142857142858,3
Mobile_UI,"Mood=Neutral, Persona=Minimalist","Mobile_filter_location=Drawer Overlay (Slides in from the side when ..., Mobile_whitespace=Balanced",0.055,0.6111111111111112,1.2101210121012103,0.009550000000000003,1.272857142857143,4
Mobile_UI,"Device=Smartphone, Persona=Loyal Customer","Mobile_image_text_ratio=Balanced (50% images, 50% text - equal emphasis), Mobile_sticky_header=Yes (Header stays at top while scrolling)",0.055,0.6111111111111112,1.1752136752136753,0.008199999999999999,1.2342857142857144,4
Mobile_UI,"Device=Smartphone, Persona=Loyal Customer",Mobile_quick_view=Slide-Up Panel (Preview product details in a ...,0.055,0.6111111111111112,1.1752136752136753,0.008199999999999999,1.2342857142857144,3
Global_UI,Mood=Bored,Global_hero_banner_size=Medium Split (Takes up half the screen),0.055,0.6111111111111112,1.142263759086189,0.006850000000000002,1.1957142857142857,2
Mobile_UI,"Device=Smartphone, Persona=Loyal Customer","Mobile_sticky_header=Yes (Header stays at top while scrolling), Mobile_whitespace=Balanced",0.055,0.6111111111111112,1.142263759086189,0.006850000000000002,1.1957142857142857,4
Desktop_UI,"Device=Smartphone, Persona=Loyal Customer","Desktop_info_density=Moderate (Balanced - some details visible, cl..., Desktop_persistent_filters=Yes (Always visible sidebar with filters)",0.055,0.6111111111111112,1.1213047910295617,0.005949999999999997,1.1700000000000002,4
Desktop_UI,"Mood=Neutral, Persona=Minimalist","Desktop_info_density=Moderate (Balanced - some details visible, cl..., Desktop_persistent_filters=Yes (Always visible sidebar with filters)",0.055,0.6111111111111112,1.1213047910295617,0.005949999999999997,1.1700000000000002,4
Mobile_UI,"Device=Smartphone, Persona=Loyal Customer","Mobile_image_text_ratio=Balanced (50% images, 50% text - equal emphasis), Mobile_price_display=Strike-through Original (Shows original price...",0.055,0.6111111111111112,1.1111111111111112,0.005499999999999998,1.1571428571428573,4
Mobile_UI,"Mood=Neutral, Persona=Minimalist","Mobile_touch_size=Standard (Normal size, more content visible)",0.055,0.6111111111111112,1.1011011011011012,0.005049999999999999,1.1442857142857144,3
Mobile_UI,"Mood=Neutral, Persona=Minimalist","Mobile_image_text_ratio=Balanced (50% images, 50% text - equal emphasis), Mobile_info_density=Moderate (Balanced - some details visible, cl..., Mobile_whitespace=Balanced",0.055,0.6111111111111112,1.0912698412698412,0.0046,1.1314285714285715,5
Desktop_UI,Mood=Bored,Desktop_whitespace=Balanced,0.055,0.6111111111111112,1.072124756335283,0.003700000000000009,1.1057142857142859,2
Mobile_UI,"Mood=Neutral, Persona=Minimalist",Mobile_filter_location=Drawer Overlay (Slides in from the side when ...,0.055,0.6111111111111112,1.0536398467432952,0.002800000000000004,1.0800000000000003,3
Mobile_UI,Mood=Bored,Mobile_price_display=Strike-through Original (Shows original price...,0.055,0.6111111111111112,0.9777777777777779,-0.0012499999999999942,0.9642857142857144,2
Mobile_UI,"Mood=Neutral, Persona=Minimalist",Mobile_sticky_header=Yes (Header stays at top while scrolling),0.055,0.6111111111111112,0.9474590869939707,-0.003049999999999997,0.9128571428571429,3
Desktop_UI,Mood=Bored,"Desktop_info_density=Moderate (Balanced - some details visible, cl...",0.055,0.6111111111111112,0.8429118773946361,-0.010250000000000002,0.7071428571428573,2
Desktop_UI,Mood=Bored,Desktop_persistent_filters=Yes (Always visible sidebar with filters),0.055,0.6111111111111112,0.8148148148148149,-0.012500000000000004,0.6428571428571429,2
Desktop_UI,Mood=Neutral,Desktop_whitespace=Balanced,0.235,0.6103896103896104,1.0708589655958078,0.015550000000000008,1.1036666666666668,2
Mobile_UI,Mood=Neutral,"Mobile_info_density=Moderate (Balanced - some details visible, cl..., Mobile_whitespace=Balanced",0.235,0.6103896103896104,0.9844993715961458,-0.003700000000000009,0.9753333333333333,3
Mobile_UI,Mood=Neutral,Mobile_sticky_header=Yes (Header stays at top while scrolling),0.235,0.6103896103896104,0.9463404812242021,-0.013325000000000031,0.9111666666666666,2
Global_UI,"Device=Smartphone, Mood=Stressed",Global_checkout_style=One Page (All checkout steps on a single scro...,0.07,0.6086956521739131,1.5810276679841897,0.025725000000000005,1.5716666666666668,3
Mobile_UI,"Device=Smartphone, Mood=Stressed","Mobile_image_text_ratio=Balanced (50% images, 50% text - equal emphasis), Mobile_price_display=Strike-through Original (Shows original price..., Mobile_whitespace=Balanced",0.07,0.6086956521739131,1.2422360248447206,0.013650000000000002,1.3033333333333335,5
Mobile_UI,Device=Smartphone,"Mobile_image_text_ratio=Balanced (50% images, 50% text - equal emphasis), Mobile_info_density=Moderate (Balanced - some details visible, cl...",0.495,0.6073619631901841,0.9796160696615872,-0.010299999999999976,0.9678125000000001,3
Mobile_UI,Persona=Impulsive Buyer,"Mobile_image_text_ratio=Balanced (50% images, 50% text - equal emphasis), Mobile_info_density=Moderate (Balanced - some details visible, cl..., Mobile_quick_view=Slide-Up Panel (Preview product details in a ...",0.085,0.6071428571428571,1.7598343685300206,0.0367,1.6672727272727272,4
Mobile_UI,Persona=Impulsive Buyer,"Mobile_info_density=Moderate (Balanced - some details visible, cl..., Mobile_quick_view=Slide-Up Panel (Preview product details in a ...",0.085,0.6071428571428571,1.6190476190476188,0.0325,1.5909090909090906,3
Desktop_UI,Persona=Impulsive Buyer,Desktop_category_display=Visual Grid (Category tiles with images),0.085,0.6071428571428571,1.4285714285714286,0.025500000000000002,1.4636363636363634,2
Mobile_UI,Persona=Impulsive Buyer,"Mobile_image_text_ratio=Balanced (50% images, 50% text - equal emphasis), Mobile_price_display=Strike-through Original (Shows original price..., Mobile_whitespace=Balanced",0.085,0.6071428571428571,1.2390670553935859,0.016399999999999998,1.298181818181818,4
Mobile_UI,Persona=Impulsive Buyer,"Mobile_price_display=Strike-through Original (Shows original price..., Mobile_whitespace=Balanced",0.085,0.6071428571428571,1.1038961038961037,0.007999999999999993,1.1454545454545453,3
Mobile_UI,Persona=Impulsive Buyer,"Mobile_image_text_ratio=Balanced (50% images, 50% text - equal emphasis), Mobile_info_density=Moderate (Balanced - some details visible, cl..., Mobile_whitespace=Balanced",0.085,0.6071428571428571,1.0841836734693875,0.006599999999999995,1.1199999999999997,4
Global_UI,"Device=Smartphone, Persona=Minimalist",Global_whitespace_pref=Balanced (Moderate spacing - comfortable midd...,0.1,0.6060606060606061,0.8245722531436818,-0.021275000000000002,0.6726923076923077,3
Mobile_UI,"Device=Smartphone, Persona=Researcher","Mobile_touch_size=Standard (Normal size, more content visible), Mobile_whitespace=Balanced",0.115,0.6052631578947368,1.2609649122807018,0.0238,1.3173333333333335,4
Desktop_UI,"Device=Smartphone, Persona=Researcher","Desktop_image_text_ratio=Image-focused (80% images, 20% text - highly ...",0.115,0.6052631578947368,1.131333005410723,0.01335,1.178,3
Mobile_UI,"Device=Smartphone, Persona=Researcher","Mobile_sticky_header=Yes (Header stays at top while scrolling), Mobile_whitespace=Balanced",0.115,0.6052631578947368,1.131333005410723,0.01335,1.178,4
Global_UI,"Device=Smartphone, Persona=Researcher","Global_accent_color_pref=Blue (Trustworthy, professional, calm)",0.115,0.6052631578947368,1.0004349717268377,5.000000000000837e-05,1.0006666666666666,3
Mobile_UI,"Device=Smartphone, Persona=Impulsive Buyer","Mobile_image_text_ratio=Balanced (50% images, 50% text - equal emphasis), Mobile_info_density=Moderate (Balanced - some details visible, cl..., Mobile_quick_view=Slide-Up Panel (Preview product details in a ...",0.075,0.6,1.7391304347826089,0.031875,1.6375,5
Mobile_UI,"Device=Smartphone, Persona=Impulsive Buyer","Mobile_info_density=Moderate (Balanced - some details visible, cl..., Mobile_quick_view=Slide-Up Panel (Preview product details in a ...",0.075,0.6,1.5999999999999999,0.028124999999999997,1.5625,4
Global_UI,Persona=Browser,Global_checkout_style=One Page (All checkout steps on a single scro...,0.09,0.6,1.5584415584415583,0.03225,1.5374999999999999,2
Desktop_UI,"Device=Smartphone, Persona=Impulsive Buyer",Desktop_category_display=Visual Grid (Category tiles with images),0.075,0.6,1.411764705882353,0.021875,1.4374999999999998,3
Mobile_UI,"Device=Smartphone, Persona=Impulsive Buyer","Mobile_image_text_ratio=Balanced (50% images, 50% text - equal emphasis), Mobile_price_display=Strike-through Original (Shows original price..., Mobile_whitespace=Balanced",0.075,0.6,1.2244897959183674,0.013749999999999998,1.275,5
Mobile_UI,"Device=Smartphone, Persona=Impulsive Buyer","Mobile_price_display=Strike-through Original (Shows original price..., Mobile_whitespace=Balanced",0.075,0.6,1.0909090909090908,0.006249999999999992,1.1249999999999998,4
Mobile_UI,"Device=Smartphone, Persona=Impulsive Buyer","Mobile_image_text_ratio=Balanced (50% images, 50% text - equal emphasis), Mobile_info_density=Moderate (Balanced - some details visible, cl..., Mobile_whitespace=Balanced",0.075,0.6,1.0714285714285714,0.0049999999999999906,1.0999999999999999,5
Mobile_UI,"Device=Smartphone, Persona=Impulsive Buyer",Mobile_filter_location=Drawer Overlay (Slides in from the side when ...,0.075,0.6,1.0344827586206897,0.0025000000000000022,1.05,3
Mobile_UI,Persona=Browser,Mobile_price_display=Strike-through Original (Shows original price...,0.09,0.6,0.96,-0.0037500000000000033,0.9375,2
